state,implementing_district_per_source,loksabha_constituency,loksabha_MP_name,work,implementing_agency_name,vendor_name,expenditure_date,payment_status,expenditure_amount,duplicate_count
Uttar Pradesh,Jaunpur,Jaunpur,Babu Singh Kushwaha,Street lights,Area Manager U P Small Industries Corporation Ltd Prayagraj,Advent Infomax Pvt Ltd,05-12-2025,Payment Success,19989.0,113
Uttar Pradesh,Jaunpur,Machhlishahr(Sc),Priya Saroj,Street lights,Excutive Engineer UP Small Industries Corporation Ltd Kanpur Construction Division 6,BHAGWATI CHAND,06-04-2026,Payment Success,19834.0,88
Uttar Pradesh,Bijnor,Nagina(Sc),Chandra Shekhar,Lighting of public spaces,PROVINCIAL CO OPERATIVE CONSTRUTION AND DEVELOPMENT LIMITED,Gul Ahmad Contractor,24-03-2026,Payment In-Progress,26819.0,86
Uttar Pradesh,Bijnor,Nagina(Sc),Chandra Shekhar,Lighting of public spaces,PROVINCIAL CO OPERATIVE CONSTRUTION AND DEVELOPMENT LIMITED,RAJ CUNSTRUCTION AND SUPPLIER,17-12-2024,Payment Success,47838.0,84
Uttar Pradesh,Jaunpur,Jaunpur,Babu Singh Kushwaha,Street lights,Area Manager U P Small Industries Corporation Ltd Prayagraj,Ajay Kumar Singh,13-02-2026,Payment Success,19992.0,83
Uttar Pradesh,Prayagraj,Bhadohi,Vinod Kumar Bind,Lighting of public spaces,EXECUTIVE ENGINEER UPSIC LTD PRAYAGRAJ_2,Asesar Singh Contractor,12-08-2025,Payment Success,118957.0,80
Uttar Pradesh,Pratapgarh,Kaushambi(Sc),Pushpendra Saroj,Installing hand pumps,C & DS (E/M Wing) UP JAl Nagam,IMAMUDDIN,19-01-2026,Payment Success,50781.0,77
Uttar Pradesh,Bijnor,Nagina(Sc),Chandra Shekhar,Lighting of public spaces,PROVINCIAL CO OPERATIVE CONSTRUTION AND DEVELOPMENT LIMITED,Rana Construction,05-08-2026,Payment Success,80083.0,76
Uttar Pradesh,Rae Bareli,Rae Bareli,Rahul Gandhi,Purchase of non-conventional energy system and devices for community use,UPSIC Lucknow,Aditya Construction,28-10-2025,Payment Success,19199.0,74
Uttar Pradesh,Kasganj,Etah,Devesh Shakya,Street lights,UPSIC AGRA,SOMYA CONSTRUCTION,28-05-2025,Payment Success,63829.0,66
Uttar Pradesh,Varanasi,Machhlishahr(Sc),Priya Saroj,Street lights,CONSTRUCTION AND DESIGN SERVICES E M WING UP JAL NIGAM URBAN VARANASI,Aaradhya Enterprises,22-09-2025,Payment Success,20944.0,64
Uttar Pradesh,Bijnor,Nagina(Sc),Chandra Shekhar,Lighting of public spaces,PROVINCIAL CO OPERATIVE CONSTRUTION AND DEVELOPMENT LIMITED,Gul Ahmad Contractor,01-02-2026,Payment Success,80057.0,64
Uttar Pradesh,Kheri,Kheri,Utkarsh Verma Madhur,Lighting of public spaces,Rural Engineering Department_25,Shiv kumar thekedar,24-03-2026,Payment Success,107562.0,63
Uttar Pradesh,Kheri,Kheri,Utkarsh Verma Madhur,Lighting of public spaces,Rural Engineering Department_25,Shiv kumar thekedar,27-05-2026,Payment Success,49397.0,63
Uttar Pradesh,Bijnor,Nagina(Sc),Chandra Shekhar,Lighting of public spaces,PROVINCIAL CO OPERATIVE CONSTRUTION AND DEVELOPMENT LIMITED,RAJ CUNSTRUCTION AND SUPPLIER,18-11-2024,Payment Success,142031.0,62
West Bengal,Uttar Dinajpur,Raiganj,Kartick Chandra Paul,Lighting of public spaces,DISTRICT MAGISTRATE UTTAR DINAJPUR PIA,B PAUL AND CO,03-04-2026,Payment Success,249315.0,62
Uttar Pradesh,Bijnor,Nagina(Sc),Chandra Shekhar,Lighting of public spaces,PROVINCIAL CO OPERATIVE CONSTRUTION AND DEVELOPMENT LIMITED,Gul Ahmad Contractor,31-01-2026,Payment Success,80057.0,62
Uttar Pradesh,Kaushambi,Kaushambi(Sc),Pushpendra Saroj,Installing hand pumps,UTTAR PRADESH SMALL INDUSTRIES CORPORATION LTD PRAYAGRAJ_2,MS BARE LAL,20-06-2026,Payment Success,73926.0,62
Uttar Pradesh,Mau,Ghosi,Rajeev Rai,Lighting of public spaces,provincial co-operative construction & development LTD,BIHARI JI MAHADEV ASSOCIATES,26-02-2026,Payment Success,51743.0,61
Tamil Nadu,Chengalpattu,Kancheepuram(Sc),Ganesan Selvam,Purchase of books and periodicals for libraries/digitization of library books,CEO Chengalpattu,G DURAIRAJ,27-09-2025,Payment Success,10000.0,60
Uttar Pradesh,Bhadohi,Bhadohi,Vinod Kumar Bind,Lighting of public spaces,UP SICL,G H ENTERPRISES,08-07-2026,Payment In-Progress,103263.0,60
Uttar Pradesh,Bhadohi,Bhadohi,Vinod Kumar Bind,Lighting of public spaces,UP SICL,Gandhi Construction And Supplier,17-05-2025,Payment Success,118993.0,59
Uttar Pradesh,Kheri,Kheri,Utkarsh Verma Madhur,Lighting of public spaces,Rural Engineering Department_25,Shiv Kumar,21-09-2025,Payment Success,57701.0,59
Jharkhand,Gumla,Lohardaga(St),Sukhdeo Bhagat,Purchase of books and periodicals for libraries/digitization of library books,DRDA Gumla_3,NAMASKAR BOOKS,20-05-2026,Payment Success,400000.0,59
Uttar Pradesh,Kasganj,Etah,Devesh Shakya,Street lights,UPSIC AGRA,SOMYA CONSTRUCTION,04-04-2025,Payment Success,177086.0,58
Uttar Pradesh,Bhadohi,Bhadohi,Vinod Kumar Bind,Lighting of public spaces,UP SICL,Gandhi Construction And Supplier,17-05-2025,Payment Success,118971.0,57
Uttar Pradesh,Jaunpur,Jaunpur,Babu Singh Kushwaha,Street lights,Area Manager U P Small Industries Corporation Ltd Prayagraj,Ajay Kumar Singh,22-07-2026,Payment In-Progress,19992.0,57
Uttar Pradesh,Jaunpur,Machhlishahr(Sc),Priya Saroj,Street lights,Excutive Engineer UP Small Industries Corporation Ltd Kanpur Construction Division 6,BHAGWATI CHAND,07-04-2026,Payment Success,19834.0,56
Uttar Pradesh,Kheri,Kheri,Utkarsh Verma Madhur,Lighting of public spaces,Rural Engineering Department_25,Shiv Kumar,21-09-2025,Payment Success,57695.0,55
Uttar Pradesh,Jaunpur,Machhlishahr(Sc),Priya Saroj,Street lights,Excutive Engineer UP Small Industries Corporation Ltd Kanpur Construction Division 6,BHAGWATI CHAND,23-01-2025,Payment Success,20879.0,54
Madhya Pradesh,Shahdol,Sidhi,Rajesh Mishra,Street lights,Executive engineer PWD (EM) DIV REWA,SADGURU SAI INFRA WORLD PVT LTD REWA,18-07-2025,Payment Success,188735.0,53
Madhya Pradesh,Bhind,Bhind(Sc),Sandhya Ray,Purchase of mobile water tankers,MP STATE AGRO BHIND,MP STATE AGRO INDUSTRIES DEV CORP LTD,11-09-2025,Payment Success,99802.0,52
Madhya Pradesh,Rajgarh,Rajgarh,Rodmal Nagar,Purchase Books for Library,DEO Rajgarh,DEO RAJGARH,29-04-2025,Payment Success,100000.0,51
Uttar Pradesh,Kasganj,Etah,Devesh Shakya,Street lights,UPSIC AGRA,SOMYA CONSTRUCTION,10-09-2025,Payment Success,64791.0,51
Uttar Pradesh,Moradabad,Moradabad,Ruchi Vira,Lighting of public spaces,Provincial Co-operative construction and Development Ltd_5,NATIONAL INFRATECH,13-10-2025,Payment Success,100418.0,51
Uttar Pradesh,Kasganj,Etah,Devesh Shakya,Street lights,UPSIC AGRA,SOMYA CONSTRUCTION,11-07-2025,Payment Success,175596.0,51
Madhya Pradesh,Rajgarh,Rajgarh,Rodmal Nagar,Purchase of books and periodicals for libraries/digitization of library books,DEO Rajgarh,DEO RAJGARH,26-05-2026,Payment Success,100000.0,50
Uttar Pradesh,Moradabad,Moradabad,Ruchi Vira,Lighting of public spaces,Provincial Co-operative construction and Development Ltd_5,NATIONAL INFRATECH,05-12-2025,Payment Success,66831.0,50
Uttar Pradesh,Mau,Ghosi,Rajeev Rai,Lighting of public spaces,provincial co-operative construction & development LTD,HIDAYA QIRAT ENTERPRISES,18-04-2026,Payment Success,159055.0,50
Uttar Pradesh,Bijnor,Nagina(Sc),Chandra Shekhar,Lighting of public spaces,PROVINCIAL CO OPERATIVE CONSTRUTION AND DEVELOPMENT LIMITED,JAVED AHMAD,04-12-2025,Payment Success,26793.0,50
Uttar Pradesh,Kaushambi,Kaushambi(Sc),Pushpendra Saroj,Installing hand pumps,UTTAR PRADESH SMALL INDUSTRIES CORPORATION LTD PRAYAGRAJ_2,MS GYANCHAND,18-06-2026,Payment Success,73919.0,50
Uttar Pradesh,Kaushambi,Kaushambi(Sc),Pushpendra Saroj,Installing hand pumps,UTTAR PRADESH SMALL INDUSTRIES CORPORATION LTD PRAYAGRAJ_2,MS BARE LAL,23-12-2025,Payment Success,29579.0,50
Uttar Pradesh,Bijnor,Nagina(Sc),Chandra Shekhar,Lighting of public spaces,PROVINCIAL CO OPERATIVE CONSTRUTION AND DEVELOPMENT LIMITED,MAKSUD AHMAD CONTRACTOR,22-11-2025,Payment Success,26793.0,49
Uttar Pradesh,Jaunpur,Jaunpur,Babu Singh Kushwaha,Street lights,Area Manager U P Small Industries Corporation Ltd Prayagraj,Advent Infomax Pvt Ltd,04-12-2025,Payment Success,19989.0,48
Madhya Pradesh,Bhind,Bhind(Sc),Sandhya Ray,Purchase of mobile water tankers,MP STATE AGRO BHIND,MP STATE AGRO INDUSTRIES DEV CORP LTD,18-12-2025,Payment Success,99802.0,48
Uttar Pradesh,Jaunpur,Jaunpur,Babu Singh Kushwaha,Street lights,Area Manager U P Small Industries Corporation Ltd Prayagraj,Ajay Kumar Singh,07-02-2026,Payment Success,19992.0,48
Uttar Pradesh,Kaushambi,Kaushambi(Sc),Pushpendra Saroj,Installing hand pumps,UTTAR PRADESH SMALL INDUSTRIES CORPORATION LTD PRAYAGRAJ_2,VIVEK ENTERPRISES,22-12-2025,Payment Success,29578.0,48
Chhattisgarh,Sakti,Janjgir Champa(Sc),Kamlesh Jangde,Purchase of books and periodicals for libraries/digitization of library books,DEO SAKTI_2,Mittal Book Agency,04-02-2026,Payment Success,7500.0,48
Chhattisgarh,Sakti,Janjgir Champa(Sc),Kamlesh Jangde,Purchase of books and periodicals for libraries/digitization of library books,DEO SAKTI_2,Mittal Book Agency,24-03-2026,Payment Success,2500.0,48
Madhya Pradesh,Dhar,Dhar(St),Savitri Thakur,Purchase of mobile water tankers,MP AGRO IND DEV CO LTD DHAR,M P AGRO DHAR,19-02-2026,Payment Success,49212.0,47
Uttar Pradesh,Basti,Basti,Ram Prasad Chaudhary,Lighting of public spaces,UPNEDA BASTI,UP NEDA PROJECT BASTI,04-12-2025,Payment Success,15364.0,47
Bihar,Madhubani,Madhubani,Ashok Kumar Yadav,Lighting of public spaces,DPO MADHUBANI_4,RANJIT SALES CORPORATION,07-07-2026,Payment Success,485000.0,47
Uttar Pradesh,Jaunpur,Machhlishahr(Sc),Priya Saroj,Street lights,Excutive Engineer UP Small Industries Corporation Ltd Kanpur Construction Division 6,BHAGWATI CHAND,13-01-2025,Payment Success,20879.0,47
Uttar Pradesh,Jaunpur,Machhlishahr(Sc),Priya Saroj,Lighting of public spaces,Excutive Engineer UP Small Industries Corporation Ltd Kanpur Construction Division 6,BHAGWATI CHAND,07-05-2025,Payment Success,107932.0,47
Chhattisgarh,Sakti,Janjgir Champa(Sc),Kamlesh Jangde,Installing tube-wells and borewells,sub Divisional Officer Em Division No-1 Nandeli Bhata sakti,Abhishek Enterprises,20-07-2026,Payment Success,187500.0,47
Madhya Pradesh,Dhar,Dhar(St),Savitri Thakur,Purchase of mobile water tankers,MP AGRO IND DEV CO LTD DHAR,M P AGRO DHAR,14-08-2025,Payment Success,110000.0,47
Uttar Pradesh,Bijnor,Nagina(Sc),Chandra Shekhar,Lighting of public spaces,PROVINCIAL CO OPERATIVE CONSTRUTION AND DEVELOPMENT LIMITED,MAKSUD AHMAD CONTRACTOR,03-09-2025,Payment Success,80057.0,46
Uttar Pradesh,Ghazipur,Ghazipur,Afzal Ansari,Street lights,U.P. SMALL INDUSTRIES CORPORATION LTD. AREA OFFICE Kanpur,SHYAM SOLAR TRADING,23-07-2026,Payment Success,129312.0,46
Uttar Pradesh,Kasganj,Etah,Devesh Shakya,Street lights,UPSIC AGRA,DIVYANSHU CONSTRUCTION,16-11-2025,Payment Success,180417.0,46
Uttar Pradesh,Farrukhabad,Farrukhabad,Mukesh Rajput,Street lights,U P Small Industrites Corporation Ltd. Moradabad,Nightingale Networks LLP,11-03-2025,Payment Success,222921.0,46
Uttar Pradesh,Jalaun,Jalaun(Sc),Narayan Das Ahirwar,Lighting of public spaces,PCCD JALAUN,shyam swaroop manufacturere,19-07-2026,Payment Success,97173.0,45
Uttar Pradesh,Etawah,Etawah(Sc),Jitendra Kumar Dohare,Street lights,AREA OFFICER UP SMALL INDUSTRIES CORPORATION LTD KANPUR,BAKE BIHARI TRADERS,24-11-2025,Payment Success,269969.0,45
West Bengal,Murshidabad,Murshidabad,Abu Taher Khan,Lighting of public spaces,West Bengal Agro Industries Corporation ltd (Murshidabad),SUPTI ENTERPRISE,06-08-2025,Payment Success,140538.0,45
Uttar Pradesh,Chandauli,Robertsganj(Sc),Chhotelal,Lighting of public spaces,DIRECTOR C AND DS EM WING UP JAL NIGAM,MAA VINDHYAVASHINI ENTERPRISES,06-03-2026,Payment Success,7976.0,45
Uttar Pradesh,Etawah,Etawah(Sc),Jitendra Kumar Dohare,Street lights,AREA OFFICER UP SMALL INDUSTRIES CORPORATION LTD KANPUR,BAKE BIHARI TRADERS,24-07-2026,Payment In-Progress,269862.0,44
Uttar Pradesh,Kasganj,Etah,Devesh Shakya,Street lights,UPSIC AGRA,DIVYANSHU CONSTRUCTION,19-06-2026,Payment Success,60248.0,44
Bihar,Jamui,Jamui(Sc),Arun Bharti,Purchase of furniture and fixtures for educational purposes,DPO JAMUI_IA,CHANCH PRO ENGINEERS,04-04-2026,Payment Success,249990.0,44
Madhya Pradesh,Jabalpur,Jabalpur,Ashish Dubey,Purchase of mobile water tankers,district manager mp argo,MP AGRO JABALPUR,15-02-2026,Payment Success,163424.0,44
Uttar Pradesh,Kaushambi,Kaushambi(Sc),Pushpendra Saroj,Installing hand pumps,UTTAR PRADESH SMALL INDUSTRIES CORPORATION LTD PRAYAGRAJ_2,MS GYANCHAND,20-02-2026,Payment Success,73919.0,43
Uttar Pradesh,Kaushambi,Kaushambi(Sc),Pushpendra Saroj,Installing hand pumps,UTTAR PRADESH SMALL INDUSTRIES CORPORATION LTD PRAYAGRAJ_2,MS GYANCHAND,21-05-2025,Payment Success,44349.0,43
Uttar Pradesh,Etah,Farrukhabad,Mukesh Rajput,Lighting of public spaces,UPSIC AGRA_5,Super Agro,16-12-2025,Payment Success,50790.0,43
Uttar Pradesh,Etah,Farrukhabad,Mukesh Rajput,Lighting of public spaces,UPSIC AGRA_5,Super Agro,11-10-2025,Payment Success,146505.0,43
Uttar Pradesh,Moradabad,Moradabad,Ruchi Vira,Lighting of public spaces,Provincial Co-operative construction and Development Ltd_5,NATIONAL INFRATECH,20-07-2026,Payment Success,100416.0,41
Uttar Pradesh,Sonbhadra,Robertsganj(Sc),Chhotelal,Lighting of public spaces,UP STATE AGRO INDUSTRIAL CORPORATION LTD SERVICING DIVISION,UP STATE AGRO INDUSTRIAL CORPORATION LTD BICHPAI URMAURA,20-07-2026,Payment Success,36000.0,41
Uttar Pradesh,Prayagraj,Bhadohi,Vinod Kumar Bind,Lighting of public spaces,EXECUTIVE ENGINEER UPSIC LTD PRAYAGRAJ_2,Asesar Singh Contractor,27-01-2026,Payment Success,118957.0,41
Uttar Pradesh,Etah,Etah,Devesh Shakya,Street lights,UPSIC AGRA_5,SOMYA CONSTRUCTION,14-01-2025,Payment Success,178599.0,41
Uttar Pradesh,Kaushambi,Kaushambi(Sc),Pushpendra Saroj,Installing hand pumps,UTTAR PRADESH SMALL INDUSTRIES CORPORATION LTD PRAYAGRAJ_2,MS BARE LAL,23-05-2025,Payment Success,44347.0,40
Jharkhand,Lohardaga,Lohardaga(St),Sukhdeo Bhagat,Purchase of books and periodicals for libraries/digitization of library books,"DISTRICT ENGINEER, ZILA PARISHAD, LOHARDAGA",VIDYA VIHAR,22-04-2026,Payment Success,200000.0,40
Madhya Pradesh,Sidhi,Sidhi,Rajesh Mishra,Construction of common work sheds/ common covered sitting area,MP STATE AGRO INDUSTRIES DEVELOPMENT CORPORATION LTD SIDHI,MP STATE AGRO IND DEV CORP LTD,26-02-2025,Payment Success,259942.0,40
Uttar Pradesh,Kheri,Kheri,Utkarsh Verma Madhur,Lighting of public spaces,Rural Engineering Department_25,Shiv Kumar,12-07-2025,Payment Success,108349.0,40
Chhattisgarh,Sakti,Janjgir Champa(Sc),Kamlesh Jangde,Installing tube-wells and borewells,SUB DIVISIONAL OFFISER EM DIVISION N0 02 NAWAGARH HQ JANJGIR),Manav Enterprises,25-09-2025,Payment Success,150000.0,40
Chhattisgarh,Durg,Durg,Vijay Baghel,Purchase of books and periodicals for libraries/digitization of library books,DISTRICT EDUCATION OFFICE DURG,Gyan Ganga,08-10-2025,Payment Success,50000.0,40
Uttar Pradesh,Kheri,Kheri,Utkarsh Verma Madhur,Lighting of public spaces,Rural Engineering Department_25,Shiv kumar thekedar,07-02-2026,Payment Success,107572.0,40
Uttar Pradesh,Rampur,Rampur,Mohibbullah,Lighting of public spaces,U P SMALL IND CORP MURADABAD,A MINE TRADERS,22-07-2026,Payment Success,174129.0,40
Uttar Pradesh,Kheri,Kheri,Utkarsh Verma Madhur,Lighting of public spaces,Rural Engineering Department_25,Shiv Kumar,22-09-2025,Payment Success,57701.0,39
West Bengal,Murshidabad,Murshidabad,Abu Taher Khan,Lighting of public spaces,West Bengal Agro Industries Corporation ltd (Murshidabad),SUPTI ENTERPRISE,05-08-2025,Payment Success,140538.0,39
Uttar Pradesh,Kushinagar,Kushi Nagar,Vijay Kumar Dubey,Lighting of public spaces,Rural Engineering Deportment,MAHI ENTERPRISES,21-03-2025,Payment Success,169866.0,39
Uttar Pradesh,Kaushambi,Kaushambi(Sc),Pushpendra Saroj,Installing hand pumps,UTTAR PRADESH SMALL INDUSTRIES CORPORATION LTD PRAYAGRAJ_2,VIVEK ENTERPRISES,20-05-2025,Payment Success,44356.0,39
Chhattisgarh,Sakti,Janjgir Champa(Sc),Kamlesh Jangde,Installing tube-wells and borewells,SUB DIVISIONAL OFFISER EM DIVISION N0 02 NAWAGARH HQ JANJGIR),Manav Enterprises,02-02-2026,Payment Success,50000.0,39
Bihar,Jamui,Jamui(Sc),Arun Bharti,Purchase of books and periodicals for libraries/digitization of library books,DPO JAMUI_IA,NAMASKAR BOOKS,27-11-2025,Payment Success,100000.0,39
Uttar Pradesh,Etah,Etah,Devesh Shakya,Street lights,UPSIC AGRA_5,NARAYAN MARBLES,20-12-2025,Payment Success,179466.0,39
Uttar Pradesh,Etah,Etah,Devesh Shakya,Street lights,UPSIC AGRA_5,NARAYAN MARBLES,16-04-2026,Payment Success,61358.0,38
Uttar Pradesh,Shrawasti,Shrawasti,Ram Shiromani,Lighting of public spaces,U P S I Corporation Limited,NAVEEN ENTERPRISES,10-08-2026,Payment In-Progress,221972.0,38
Uttar Pradesh,Moradabad,Moradabad,Ruchi Vira,Lighting of public spaces,Provincial Co-operative construction and Development Ltd_5,NATIONAL INFRATECH,23-07-2025,Payment Success,66932.0,38
Uttar Pradesh,Kheri,Dhaurahra,Anand Bhadauriya,Lighting of public spaces,Rural Engineering Department_25,MANNAT CONSTRUCTION,05-08-2025,Payment Success,51988.0,38
Uttar Pradesh,Auraiya,Etawah(Sc),Jitendra Kumar Dohare,Street lights,AREA MANEGER UPSIC KANPUR,BAKE BIHARI TRADERS,30-04-2026,Payment Success,65083.0,38
Uttar Pradesh,Auraiya,Etawah(Sc),Jitendra Kumar Dohare,Street lights,AREA MANEGER UPSIC KANPUR,BAKE BIHARI TRADERS,02-06-2025,Payment Success,195246.0,38
Uttar Pradesh,Etawah,Etawah(Sc),Jitendra Kumar Dohare,Street lights,AREA OFFICER UP SMALL INDUSTRIES CORPORATION LTD KANPUR,BAKE BIHARI TRADERS,21-02-2025,Payment Success,269328.0,38
West Bengal,North 24 Parganas,Barasat,Kakoli Ghosh Dastidar,Providing CCTV camera system for security of public areas,Webel_West Bengal Electronics Industry Development Corp Ltd,West Bengal Electronics Industry Development Corporation Ltd,02-09-2025,Payment Success,112000.0,38
Uttar Pradesh,Kaushambi,Kaushambi(Sc),Pushpendra Saroj,Installing hand pumps,UTTAR PRADESH SMALL INDUSTRIES CORPORATION LTD PRAYAGRAJ_2,MOHAMMAD SIDDEQ,22-06-2026,Payment Success,73911.0,37
Uttar Pradesh,Jaunpur,Machhlishahr(Sc),Priya Saroj,Street lights,Excutive Engineer UP Small Industries Corporation Ltd Kanpur Construction Division 6,BHAGWATI CHAND,19-08-2025,Payment Success,20896.0,37
Uttar Pradesh,Banda,Banda,Krishna Devi Shivshanker Patel,Lighting of public spaces,UPSIC Banda 1,DHARMENDRA ENTERPRISES,17-11-2024,Payment Success,232197.98,37
Maharashtra,Nandurbar,Nandurbar(St),Gowaal Kagada Padavi,Street lights,Executive Engineer P.W.Dn.Elect. Dhule Not in Use,SWAMI POWERTECH,20-07-2026,Payment Success,169529.0,37
Maharashtra,Dhule,Nandurbar(St),Gowaal Kagada Padavi,Street lights,"Executive Engineer, Public Work Electrical Division, Dhule",SHRI GANESH ELECTRICAL AND CONTRACTER,30-07-2026,Payment Success,169530.0,37
Uttar Pradesh,Bijnor,Moradabad,Ruchi Vira,Lighting of public spaces,PROVINCIAL CO OPERATIVE CONSTRUTION AND DEVELOPMENT LIMITED,NATIONAL INFRATECH,25-03-2025,Payment Success,130097.0,36
Bihar,Jamui,Jamui(Sc),Arun Bharti,Purchase of furniture and fixtures for educational purposes,DPO JAMUI_IA,CHANCH PRO ENGINEERS,12-05-2026,Payment Success,249990.0,36
Uttar Pradesh,Kheri,Kheri,Utkarsh Verma Madhur,Lighting of public spaces,Rural Engineering Department_25,Shiv Kumar,20-09-2025,Payment Success,51993.0,36
Uttar Pradesh,Sitapur,Dhaurahra,Anand Bhadauriya,Street lights,RURAL ENGINEERING DEPARTMENT_33,MANNAT CONSTRUCTION,26-02-2025,Payment Success,124256.0,36
Uttar Pradesh,Kheri,Kheri,Utkarsh Verma Madhur,Lighting of public spaces,Rural Engineering Department_25,Shiv Kumar,28-06-2025,Payment Success,114040.0,36
Uttar Pradesh,Kaushambi,Kaushambi(Sc),Pushpendra Saroj,Installing hand pumps,UTTAR PRADESH SMALL INDUSTRIES CORPORATION LTD PRAYAGRAJ_2,MS GYANCHAND,20-12-2025,Payment Success,29571.0,35
West Bengal,Murshidabad,Murshidabad,Abu Taher Khan,Lighting of public spaces,West Bengal Agro Industries Corporation ltd (Murshidabad),SUPTI ENTERPRISE,07-12-2025,Payment Success,140538.0,35
Uttar Pradesh,Auraiya,Etawah(Sc),Jitendra Kumar Dohare,Street lights,AREA MANEGER UPSIC KANPUR,Yuraj construction,07-05-2026,Payment Success,64984.0,35
Uttar Pradesh,Varanasi,Machhlishahr(Sc),Priya Saroj,Street lights,CONSTRUCTION AND DESIGN SERVICES E M WING UP JAL NIGAM URBAN VARANASI,Aaradhya Enterprises,23-09-2025,Payment Success,20944.0,35
Uttar Pradesh,Bhadohi,Bhadohi,Vinod Kumar Bind,Lighting of public spaces,UP SICL,Gandhi Construction And Supplier,20-01-2026,Payment Success,107898.0,35
Madhya Pradesh,Dhar,Dhar(St),Savitri Thakur,Purchase of mobile water tankers,MP AGRO IND DEV CO LTD DHAR,M P AGRO DHAR,05-08-2025,Payment Success,56026.0,34
Uttar Pradesh,Bulandshahr,Bulandshahr(Sc),Bhola Singh,Lighting of public spaces,PROVINCIAL CO-OPERRATIVE CONSTRUCTION AND DEVELOPMENT LTD BULANDSHAHR,Electromech Enterpries,03-02-2026,Payment Success,281044.0,34
Uttar Pradesh,Moradabad,Sambhal,Zia Ur Rehman,Lighting of public spaces,Provincial Co-operative construction and Development Ltd_5,R G SUPPLIERS,19-12-2025,Payment Success,81420.0,34
Uttar Pradesh,Mau,Ghosi,Rajeev Rai,Lighting of public spaces,provincial co-operative construction & development LTD,BIHARI JI MAHADEV ASSOCIATES,18-07-2025,Payment Success,155227.0,34
Madhya Pradesh,Satna,Satna,Ganesh Singh,Purchase of mobile water tankers,AG MP AGRO SATNA,RM MP AGRO SATNA,21-07-2025,Payment Success,163424.0,34
Madhya Pradesh,Betul,Betul(St),Durga Das Uikey,Construction of bus-sheds or bus-stops,MPSAIDC-BTL,MP STATE AGRO INDUSTRIES DEVELOPMENT CORP LTD,01-11-2025,Payment Success,259942.0,34
Uttar Pradesh,Jalaun,Jalaun(Sc),Narayan Das Ahirwar,Lighting of public spaces,PCCD JALAUN,shyam swaroop manufacturere,13-06-2026,Payment Success,97173.0,34
Madhya Pradesh,Dhar,Dhar(St),Savitri Thakur,Purchase of mobile water tankers,MP AGRO IND DEV CO LTD DHAR,M P AGRO DHAR,08-01-2025,Payment Success,110000.0,34
Uttar Pradesh,Moradabad,Sambhal,Zia Ur Rehman,Lighting of public spaces,Provincial Co-operative construction and Development Ltd_5,R G SUPPLIERS,14-08-2026,Payment In-Progress,54328.0,33
Uttar Pradesh,Farrukhabad,Farrukhabad,Mukesh Rajput,Street lights,U P Small Industrites Corporation Ltd. Moradabad,Nightingale Networks LLP,13-02-2025,Payment Success,222921.0,33
Uttar Pradesh,Jalaun,Jalaun(Sc),Narayan Das Ahirwar,Lighting of public spaces,PCCD JALAUN,shyam swaroop manufacturere,14-07-2025,Payment Success,145765.0,33
Uttar Pradesh,Rampur,Rampur,Mohibbullah,Lighting of public spaces,U P SMALL IND CORP MURADABAD,MR CONSTRUCTION,19-03-2026,Payment Success,174129.0,33
Madhya Pradesh,Betul,Betul(St),Durga Das Uikey,Construction of bus-sheds or bus-stops,MPSAIDC-BTL,MP STATE AGRO INDUSTRIES DEVELOPMENT CORP LTD,30-08-2025,Payment Success,259942.0,32
Chhattisgarh,Surajpur,Sarguja(St),Chintamani Maharaj,Installing tube-wells and borewells,SDO BAIKUNTHPUR KOREYA,SANWARIYA BOREWELLS,13-03-2025,Payment Success,90000.0,32
Maharashtra,Nandurbar,Nandurbar(St),Gowaal Kagada Padavi,Street lights,Executive Engineer P.W.Dn.Elect. Dhule Not in Use,SWAMI POWERTECH,15-07-2026,Payment Success,169529.0,32
West Bengal,Uttar Dinajpur,Raiganj,Kartick Chandra Paul,Lighting of public spaces,DISTRICT MAGISTRATE UTTAR DINAJPUR PIA,B PAUL AND CO,04-04-2026,Payment Success,249315.0,32
Uttar Pradesh,Moradabad,Moradabad,Ruchi Vira,Lighting of public spaces,Provincial Co-operative construction and Development Ltd_5,ee en edd III capital ac electricity,27-06-2025,Payment Success,6250.0,32
Bihar,Sheikhpura,Jamui(Sc),Arun Bharti,Purchase of books and periodicals for libraries/digitization of library books,DPO_SHEIKHPURA_IA,Gyan Ganga,18-06-2026,Payment Success,87801.0,31
Uttar Pradesh,Moradabad,Moradabad,Ruchi Vira,Lighting of public spaces,Provincial Co-operative construction and Development Ltd_5,NATIONAL INFRATECH,19-07-2025,Payment Success,66932.0,31
Uttar Pradesh,Azamgarh,Lalganj (Sc),Daroga Prasad Saroj,Lighting of public spaces,UTTAR PRADESH SMALL INDUSTRIES CORPORATION LTD._3,VARDHAN ASSOCIATES,22-03-2026,Payment Success,270974.0,31
Uttar Pradesh,Bijnor,Nagina(Sc),Chandra Shekhar,Lighting of public spaces,PROVINCIAL CO OPERATIVE CONSTRUTION AND DEVELOPMENT LIMITED,JAVED AHMAD,17-09-2025,Payment Success,80057.0,31
Odisha,Nayagada,Puri,Sambit Patra,Street lights,BDO_RANAPUR,ODISHA DISTRIBUTING AUTHORITY,24-03-2026,Payment Success,39200.0,31
Uttar Pradesh,Jaunpur,Jaunpur,Babu Singh Kushwaha,Street lights,Area Manager U P Small Industries Corporation Ltd Prayagraj,Advent Infomax Pvt Ltd,08-12-2025,Payment Success,19989.0,31
Bihar,Saharsa,Madhepura,Dinesh Chandra Yadav,Street lights,"DPO, SAHARSA_IA",GRAND TRADING COMPANY,02-09-2025,Payment Success,697000.0,31
Uttar Pradesh,Azamgarh,Lalganj (Sc),Daroga Prasad Saroj,Lighting of public spaces,UTTAR PRADESH SMALL INDUSTRIES CORPORATION LTD._3,VARDHAN ASSOCIATES,23-03-2026,Payment Success,270974.0,31
Odisha,Nayagada,Puri,Sambit Patra,Street lights,BDO_RANAPUR,MISC ACCOUNT BDO RANPUR,24-03-2026,Payment Success,400.0,31
Odisha,Nayagada,Puri,Sambit Patra,Street lights,BDO_RANAPUR,MEMBER SECY OB AND OC WWB BBSR,24-03-2026,Payment Success,400.0,31
Bihar,Kishanganj,Kishanganj,Mohammad Jawed,Lighting of public spaces,DPO KNE_IA,RANJIT SALES CORPORATION,21-04-2025,Payment Success,649100.0,31
Uttar Pradesh,Kaushambi,Kaushambi(Sc),Pushpendra Saroj,Installing hand pumps,UTTAR PRADESH SMALL INDUSTRIES CORPORATION LTD PRAYAGRAJ_2,MOHAMMAD SIDDEQ,20-06-2026,Payment Success,73911.0,31
Uttar Pradesh,Mau,Ghosi,Rajeev Rai,Lighting of public spaces,provincial co-operative construction & development LTD,BIHARI JI MAHADEV ASSOCIATES,17-07-2025,Payment Success,155227.0,30
Uttar Pradesh,Bhadohi,Bhadohi,Vinod Kumar Bind,Lighting of public spaces,UP SICL,Gandhi Construction And Supplier,21-01-2026,Payment Success,107877.0,30
Chhattisgarh,Sakti,Janjgir Champa(Sc),Kamlesh Jangde,Purchase of books and periodicals for libraries/digitization of library books,DEO SAKTI_2,Mittal Book Agency,24-03-2026,Payment Success,10000.0,30
Uttar Pradesh,Auraiya,Etawah(Sc),Jitendra Kumar Dohare,Street lights,AREA MANEGER UPSIC KANPUR,Yuraj construction,14-07-2025,Payment Success,194954.0,30
Madhya Pradesh,Harda,Betul(St),Durga Das Uikey,Construction of bus-sheds or bus-stops,MP STATE AGRO IND. DEV. CORP LTD,MP STATE AGRO IND CORP HARDA,29-01-2025,Payment Success,259942.0,30
Uttar Pradesh,Etawah,Etawah(Sc),Jitendra Kumar Dohare,Street lights,AREA OFFICER UP SMALL INDUSTRIES CORPORATION LTD KANPUR,BAKE BIHARI TRADERS,20-02-2025,Payment Success,269328.0,30
Madhya Pradesh,Khandwa,Khandwa,Gyaneshwar Patil,Lighting of public spaces,MPSAIDC-KHW,KPL EQUIPMENTS PRIVATE LIMITED,23-01-2026,Payment Success,364247.0,30
Uttar Pradesh,Kaushambi,Kaushambi(Sc),Pushpendra Saroj,Installing hand pumps,UTTAR PRADESH SMALL INDUSTRIES CORPORATION LTD PRAYAGRAJ_2,MS BARE LAL,20-02-2026,Payment Success,73926.0,30
Uttar Pradesh,Moradabad,Moradabad,Ruchi Vira,Lighting of public spaces,Provincial Co-operative construction and Development Ltd_5,EXECUTIVE ENGINEER,04-04-2026,Payment Success,6250.0,30
Uttar Pradesh,Jaunpur,Machhlishahr(Sc),Priya Saroj,Street lights,Excutive Engineer UP Small Industries Corporation Ltd Kanpur Construction Division 6,BHAGWATI CHAND,15-01-2025,Payment Success,20879.0,29
Uttar Pradesh,Jalaun,Jalaun(Sc),Narayan Das Ahirwar,Lighting of public spaces,PCCD JALAUN,shyam swaroop manufacturere,21-09-2025,Payment Success,145765.0,29
Uttar Pradesh,Bulandshahr,Bulandshahr(Sc),Bhola Singh,Lighting of public spaces,PROVINCIAL CO-OPERRATIVE CONSTRUCTION AND DEVELOPMENT LTD BULANDSHAHR,Electromech Enterpries,06-10-2025,Payment Success,298955.0,29
Uttar Pradesh,Azamgarh,Lalganj (Sc),Daroga Prasad Saroj,Street lights,UTTAR PRADESH SMALL INDUSTRIES CORPORATION LTD._3,Ajay Kumar Singh,02-09-2025,Payment Success,284857.0,29
Uttar Pradesh,Ayodhya,Faizabad,Awadhesh Prasad,Lighting of public spaces,U.P. State Construction & Infrastructure Development Corporation Ltd Ayodhya,Manoj kumar Srivastava,21-12-2025,Payment Success,54309.0,29
Madhya Pradesh,Barwani,Khargone(St),Gajendra Singh Patel,Purchase of mobile water tankers,MP STATE AGRO IND DEV CORP LTD BARWANI,MP STATE AGRO IND DEV CO LTD BARWANI,13-02-2026,Payment Success,100000.0,29
Uttar Pradesh,Sonbhadra,Robertsganj(Sc),Chhotelal,Lighting of public spaces,UP STATE AGRO INDUSTRIAL CORPORATION LTD SERVICING DIVISION,UP STATE AGRO INDUSTRIAL CORPORATION LTD BICHPAI URMAURA,11-11-2025,Payment Success,108996.0,29
Uttar Pradesh,Sonbhadra,Robertsganj(Sc),Chhotelal,Lighting of public spaces,UP STATE AGRO INDUSTRIAL CORPORATION LTD SERVICING DIVISION,UP STATE AGRO INDUSTRIAL CORPORATION LTD BICHPAI URMAURA,13-11-2025,Payment Success,65432.0,29
Uttar Pradesh,Kanpur Dehat,Etawah(Sc),Jitendra Kumar Dohare,Street lights,Area Manager UP SIC KANPUR,BAKE BIHARI TRADERS,01-08-2025,Payment Success,194363.0,29
Gujarat,Navsari,Navsari,C R Patil,"Purchase of smart boards, visual display units and projectors","DISTRICT EDUCATION OFFICER, DISTRICT EDUCATION OFFICE, NAVSARI",SAMBHAV ENTERPRISE,12-08-2025,Payment Success,248960.0,29
Tamil Nadu,Dharmapuri,Dharamapuri,Mani. A.,"Purchase of smart boards, visual display units and projectors",CHIEF EDUCATION OFFICER DHARMAPURI,SUCCESS ASSOCIATES,19-05-2026,Payment Success,200000.0,29
Madhya Pradesh,Betul,Betul(St),Durga Das Uikey,Purchase of mobile water tankers,MPSAIDC-BTL,MP STATE AGRO INDUSTRIES DEVELOPMENT CORP LTD,19-03-2026,Payment Success,190546.0,29
Uttar Pradesh,Kaushambi,Kaushambi(Sc),Pushpendra Saroj,Installing hand pumps,UTTAR PRADESH SMALL INDUSTRIES CORPORATION LTD PRAYAGRAJ_2,MS GYANCHAND,22-12-2025,Payment Success,29571.0,29
Uttar Pradesh,Moradabad,Moradabad,Ruchi Vira,Lighting of public spaces,Provincial Co-operative construction and Development Ltd_5,EXECUTIVE ENGINEER,19-03-2026,Payment Success,6250.0,29
Uttar Pradesh,Bijnor,Nagina(Sc),Chandra Shekhar,Lighting of public spaces,PROVINCIAL CO OPERATIVE CONSTRUTION AND DEVELOPMENT LIMITED,JAVED AHMAD,18-09-2025,Payment Success,80057.0,29
Uttar Pradesh,Bhadohi,Bhadohi,Vinod Kumar Bind,Lighting of public spaces,UP SICL,Gandhi Construction And Supplier,25-12-2025,Payment Success,118971.0,28
Madhya Pradesh,Jhabua,Ratlam(St),Anita Nagarsingh Chouhan,Purchase of mobile water tankers,MP STATE AGRO AND DEV CORP LTD JHABUA,MP AGRO JHABUA,28-01-2026,Payment Success,79600.0,28
Uttar Pradesh,Ayodhya,Faizabad,Awadhesh Prasad,Lighting of public spaces,U.P. State Construction & Infrastructure Development Corporation Ltd Ayodhya,Manoj kumar Srivastava,09-11-2025,Payment Success,191002.0,28
Uttar Pradesh,Moradabad,Moradabad,Ruchi Vira,Lighting of public spaces,Provincial Co-operative construction and Development Ltd_5,EXECUTIVE ENGINEER,30-10-2025,Payment Success,6250.0,28
Uttar Pradesh,Kheri,Kheri,Utkarsh Verma Madhur,Lighting of public spaces,Rural Engineering Department_25,Shiv kumar thekedar,26-02-2026,Payment Success,49397.0,28
Uttar Pradesh,Auraiya,Etawah(Sc),Jitendra Kumar Dohare,Street lights,KSHETRA PANCHAYAT BHAGYANAGAR,OMEGA ENTERPRISES DIBIYAPUR,16-11-2025,Payment Success,80486.0,28
Uttar Pradesh,Kaushambi,Kaushambi(Sc),Pushpendra Saroj,Installing hand pumps,UTTAR PRADESH SMALL INDUSTRIES CORPORATION LTD PRAYAGRAJ_2,MOHAMMAD SIDDEQ,19-02-2026,Payment Success,73911.0,28
Uttar Pradesh,Etah,Etah,Devesh Shakya,Street lights,UPSIC AGRA_5,SOMYA CONSTRUCTION,13-05-2025,Payment Success,62090.0,28
Uttar Pradesh,Moradabad,Sambhal,Zia Ur Rehman,Lighting of public spaces,Uttar Pradesh Laghu Udhog Nigam Ltd. Moradabad,NARSINGH KUMAR CONTRACTOR,07-08-2026,Payment Success,70269.0,28
Madhya Pradesh,Barwani,Khargone(St),Gajendra Singh Patel,Purchase of mobile water tankers,MP STATE AGRO IND DEV CORP LTD BARWANI,MP STATE AGRO IND DEV CO LTD BARWANI,12-05-2026,Payment Success,59212.0,28
Madhya Pradesh,Barwani,Khargone(St),Gajendra Singh Patel,Purchase of mobile water tankers,MP STATE AGRO IND DEV CORP LTD BARWANI,MP STATE AGRO IND DEV CO LTD BARWANI,03-01-2025,Payment Success,100000.0,27
Uttar Pradesh,Bhadohi,Bhadohi,Vinod Kumar Bind,Lighting of public spaces,UP SICL,Gandhi Construction And Supplier,10-07-2026,Payment In-Progress,118971.0,27
Uttar Pradesh,Jaunpur,Jaunpur,Babu Singh Kushwaha,Street lights,Area Manager U P Small Industries Corporation Ltd Prayagraj,Advent Infomax Pvt Ltd,28-01-2026,Payment Success,19850.0,27
Uttar Pradesh,Kheri,Kheri,Utkarsh Verma Madhur,Lighting of public spaces,Rural Engineering Department_25,Shiv kumar thekedar,20-12-2025,Payment Success,107562.0,27
Tamil Nadu,Chengalpattu,Kancheepuram(Sc),Ganesan Selvam,Purchase of books and periodicals for libraries/digitization of library books,CEO Chengalpattu,Unicare Academy,23-01-2026,Payment Success,25000.0,27
Chhattisgarh,Sakti,Janjgir Champa(Sc),Kamlesh Jangde,Installing hand pumps,sub Divisional Officer Em Division No-1 Nandeli Bhata sakti,Abhishek Enterprises,09-01-2026,Payment Success,112500.0,27
Uttar Pradesh,Jaunpur,Jaunpur,Babu Singh Kushwaha,Street lights,Area Manager U P Small Industries Corporation Ltd Prayagraj,Advent Infomax Pvt Ltd,23-03-2026,Payment Success,19850.0,27
Madhya Pradesh,Damoh,Damoh,Rahul Singh Lodhi,Purchase of non-conventional energy system and devices for community use,MP STATE AGRO IND DEV CORP LIMITED DAMOH,MP STATE AGRO INDUSTRIES DEVELOPMENT CORPORATION LTD DAMOH,12-12-2025,Payment Success,90312.0,27
Uttar Pradesh,Jaunpur,Machhlishahr(Sc),Priya Saroj,Street lights,Excutive Engineer UP Small Industries Corporation Ltd Kanpur Construction Division 6,BHAGWATI CHAND,08-04-2026,Payment Success,39667.0,27
Uttar Pradesh,Kheri,Kheri,Utkarsh Verma Madhur,Lighting of public spaces,Rural Engineering Department_25,Shiv kumar thekedar,22-04-2026,Payment Success,49403.0,27
Uttar Pradesh,Chandauli,Robertsganj(Sc),Chhotelal,Lighting of public spaces,DIRECTOR C AND DS EM WING UP JAL NIGAM,MAA VINDHYAVASHINI ENTERPRISES,15-10-2025,Payment Success,11000.0,27
Uttar Pradesh,Kushinagar,Kushi Nagar,Vijay Kumar Dubey,Lighting of public spaces,Rural Engineering Deportment,MAHI ENTERPRISES,06-12-2025,Payment Success,66368.0,26
Uttar Pradesh,Kushinagar,Kushi Nagar,Vijay Kumar Dubey,Lighting of public spaces,Rural Engineering Deportment,MAHI ENTERPRISES,05-12-2025,Payment Success,66368.0,26
Uttar Pradesh,Rampur,Rampur,Mohibbullah,Lighting of public spaces,U P SMALL IND CORP MURADABAD,MR CONSTRUCTION,17-04-2026,Payment Success,174129.0,26
Uttar Pradesh,Etah,Etah,Devesh Shakya,Street lights,UPSIC AGRA_5,DIVYANSHU CONSTRUCTION,19-06-2025,Payment Success,177156.0,26
Uttar Pradesh,Jaunpur,Jaunpur,Babu Singh Kushwaha,Street lights,Area Manager U P Small Industries Corporation Ltd Prayagraj,Ajay Kumar Singh,23-07-2026,Payment In-Progress,18044.0,26
Uttar Pradesh,Sitapur,Dhaurahra,Anand Bhadauriya,Street lights,RURAL ENGINEERING DEPARTMENT_33,MANNAT CONSTRUCTION,18-07-2025,Payment Success,41419.0,26
Uttar Pradesh,Kheri,Kheri,Utkarsh Verma Madhur,Lighting of public spaces,Rural Engineering Department_25,Shiv Kumar,29-05-2025,Payment Success,108349.0,26
Meghalaya,West Garo Hills,Tura,Saleng A Sangma,Providing supply pipelines for drinking water,Dalu CNRd Block_2,Aiok M Sangma,23-12-2025,Payment Success,180000.0,26
Madhya Pradesh,Jhabua,Ratlam(St),Anita Nagarsingh Chouhan,Purchase of mobile water tankers,MP STATE AGRO AND DEV CORP LTD JHABUA,MP AGRO JHABUA,14-05-2026,Payment Success,79600.0,26
Madhya Pradesh,Mandsaur,Mandsour,Sudheer Gupta,Purchase Books for Library,Dist. Education office Mandsaur,PRATIBHA PRATISHTHAN,22-04-2025,Payment Success,100000.0,26
Uttar Pradesh,Etah,Etah,Devesh Shakya,Street lights,UPSIC AGRA_5,DIVYANSHU CONSTRUCTION,10-09-2025,Payment Success,63465.0,26
Uttar Pradesh,Bijnor,Nagina(Sc),Chandra Shekhar,Lighting of public spaces,PROVINCIAL CO OPERATIVE CONSTRUTION AND DEVELOPMENT LIMITED,MAKSUD AHMAD CONTRACTOR,27-03-2025,Payment Success,132980.0,26
Bihar,Saharsa,Madhepura,Dinesh Chandra Yadav,Street lights,"DPO, SAHARSA_IA",GRAND TRADING COMPANY,15-04-2026,Payment Success,697000.0,26
Uttar Pradesh,Bijnor,Nagina(Sc),Chandra Shekhar,Lighting of public spaces,PROVINCIAL CO OPERATIVE CONSTRUTION AND DEVELOPMENT LIMITED,JAVED AHMAD,19-05-2025,Payment Success,132980.0,26
Uttar Pradesh,Jalaun,Jalaun(Sc),Narayan Das Ahirwar,Lighting of public spaces,PCCD JALAUN,shyam swaroop manufacturere,13-07-2025,Payment Success,145765.0,25
Uttar Pradesh,Jaunpur,Machhlishahr(Sc),Priya Saroj,Street lights,Excutive Engineer UP Small Industries Corporation Ltd Kanpur Construction Division 6,BHAGWATI CHAND,07-04-2026,Payment Success,39667.0,25
Uttar Pradesh,Bhadohi,Bhadohi,Vinod Kumar Bind,Lighting of public spaces,UP SICL,Gandhi Construction And Supplier,21-01-2026,Payment Success,118971.0,25
Meghalaya,West Garo Hills,Tura,Saleng A Sangma,Providing supply pipelines for drinking water,Dalu CNRd Block_2,Aiok M Sangma,10-07-2026,Payment Success,20000.0,25
Uttar Pradesh,Sonbhadra,Robertsganj(Sc),Chhotelal,Lighting of public spaces,UP STATE AGRO INDUSTRIAL CORPORATION LTD SERVICING DIVISION,UP STATE AGRO SONBHADRA,15-02-2025,Payment Success,194568.0,25
Jharkhand,Jamtara,Dumka(St),Nalin Soren,Purchase of books and periodicals for libraries/digitization of library books,Executive Engineer NREP Jamtara_2,Deep Shree enterprises,15-09-2025,Payment Success,249745.0,25
Uttar Pradesh,Sambhal,Sambhal,Zia Ur Rehman,Installing community drinking water plants,U P ENGINEERING AND LABOUR CO OPERATIVE FEDERATION LTD M P FUND SAMBHAL,MK INFRATECH,16-04-2026,Payment Success,297306.0,25
Bihar,Darbhanga,Madhubani,Ashok Kumar Yadav,Street lights,PLANNING AND DEVELOPMENT DEPARTMENT,BIOLUNAR ENERGY SOLUTION,19-03-2025,Payment Success,495000.0,25
Uttar Pradesh,Ambedkar Nagar,Ambedkar Nagar,Lalji Verma,Street lights,UP SIC LTD PRAYAGRAJ,Exajoule PVT LTD,13-10-2025,Payment Success,12298.0,25
Uttar Pradesh,Banda,Banda,Krishna Devi Shivshanker Patel,Lighting of public spaces,UPSIC Banda 1,DHARMENDRA ENTERPRISES,22-04-2025,Payment Success,140377.0,24
Uttar Pradesh,Jaunpur,Jaunpur,Babu Singh Kushwaha,Street lights,Area Manager U P Small Industries Corporation Ltd Prayagraj,Ajay Kumar Singh,21-07-2026,Payment In-Progress,19992.0,24
Chhattisgarh,Durg,Durg,Vijay Baghel,Purchase of books and periodicals for libraries/digitization of library books,DISTRICT EDUCATION OFFICE DURG,Gyan Ganga,20-12-2025,Payment Success,50000.0,24
Bihar,Kishanganj,Kishanganj,Mohammad Jawed,Lighting of public spaces,DPO KNE_IA,RANJIT SALES CORPORATION,26-02-2026,Payment Success,649100.0,24
Madhya Pradesh,Sheopur,Morena,Shivmangal Singh Tomar,Purchase of mobile water tankers,MP state agro industries Dev. corp. ltd,THE MP STATE AGRO IND DEV CORP LTD SHEOPUR,29-03-2025,Payment Success,83013.0,24
Uttar Pradesh,Sitapur,Dhaurahra,Anand Bhadauriya,Street lights,RURAL ENGINEERING DEPARTMENT_33,EE EDD BISWAN,14-07-2025,Payment Success,8188.0,24
Uttar Pradesh,Chandauli,Robertsganj(Sc),Chhotelal,Lighting of public spaces,DIRECTOR C AND DS EM WING UP JAL NIGAM,Vaishno Electrical,26-07-2025,Payment Success,97502.0,24
Uttar Pradesh,Chandauli,Robertsganj(Sc),Chhotelal,Lighting of public spaces,DIRECTOR C AND DS EM WING UP JAL NIGAM,Vaishno Electrical,04-07-2025,Payment Success,146254.0,24
Uttar Pradesh,Sant Kabir Nagar,Sant Kabir Nagar,Laxmikant Pappu Nishad,Lighting of public spaces,UTTAR PRADESH SMALL INDUSTRIES CORPORATION LTD GORAKHPUR,JAI MATA DI VP CONSTRUCTION,06-08-2026,Payment In-Progress,739130.0,24
Uttar Pradesh,Bulandshahr,Bulandshahr(Sc),Bhola Singh,Lighting of public spaces,PROVINCIAL CO-OPERRATIVE CONSTRUCTION AND DEVELOPMENT LTD BULANDSHAHR,Electromech Enterpries,23-02-2026,Payment Success,281044.0,24
Uttar Pradesh,Rampur,Rampur,Mohibbullah,Lighting of public spaces,U P SMALL IND CORP MURADABAD,MR CONSTRUCTION,06-02-2026,Payment Success,174129.0,23
Uttar Pradesh,Rampur,Rampur,Mohibbullah,Lighting of public spaces,U P SMALL IND CORP MURADABAD,MR CONSTRUCTION,05-02-2026,Payment Success,174129.0,23
Uttar Pradesh,Bijnor,Nagina(Sc),Chandra Shekhar,Lighting of public spaces,PROVINCIAL CO OPERATIVE CONSTRUTION AND DEVELOPMENT LIMITED,Gul Ahmad Contractor,23-03-2026,Payment In-Progress,26819.0,23
Uttar Pradesh,Sonbhadra,Robertsganj(Sc),Chhotelal,Lighting of public spaces,UTTAR PRADESH SMALL INDUSTRIES CO LTD._3,BAGHEL ENTERPRISES,10-07-2025,Payment Success,188800.0,23
Madhya Pradesh,Neemuch,Mandsour,Sudheer Gupta,Purchase Books for Library,DISTRICT EDUCATION OFFICER NEEMUCH_2,DISTRICT EDUCATION OFFICER NEEMUCH,06-12-2024,Payment Success,50000.0,23
Uttar Pradesh,Bhadohi,Bhadohi,Vinod Kumar Bind,Lighting of public spaces,UP SICL,Gandhi Construction And Supplier,25-12-2025,Payment Success,107877.0,23
Uttar Pradesh,Chitrakoot,Banda,Krishna Devi Shivshanker Patel,Lighting of public spaces,UP SMALL INDUSTRIES CORPORATION LIMITED,J B ENTERPRISES,22-04-2025,Payment Success,226584.0,23
Uttar Pradesh,Chitrakoot,Banda,Krishna Devi Shivshanker Patel,Lighting of public spaces,UP SMALL INDUSTRIES CORPORATION LIMITED,Lakshya Contruction,08-07-2026,Payment Success,498749.0,23
Uttar Pradesh,Kheri,Kheri,Utkarsh Verma Madhur,Lighting of public spaces,Rural Engineering Department_25,Shiv Kumar,25-06-2025,Payment Success,108349.0,23
Uttar Pradesh,Kanpur Nagar,Akbarpur,Devendra Alias Bhole Singh,Lighting of public spaces,RURAL ENGINEERING DEPARTMENT KANPUR NAGAR,Ms GANPATI CONSTRUCTIONS,02-07-2026,Payment Success,497935.0,23
Uttar Pradesh,Sonbhadra,Robertsganj(Sc),Chhotelal,Lighting of public spaces,UTTAR PRADESH SMALL INDUSTRIES CO LTD._3,BAGHEL ENTERPRISES,18-03-2026,Payment Success,71155.0,23
Madhya Pradesh,Rajgarh,Rajgarh,Rodmal Nagar,Installation of fixed garden gym equipment,M P AGRO INDUSTRIES DEV. CORP. LTD,MP Agro Biaora,21-04-2025,Payment Success,387988.0,23
Uttar Pradesh,Etah,Farrukhabad,Mukesh Rajput,Street lights,UPSIC AGRA_5,Super Agro,14-05-2025,Payment Success,69666.0,22
Uttar Pradesh,Farrukhabad,Farrukhabad,Mukesh Rajput,Street lights,U P Small Industrites Corporation Ltd. Moradabad,Nightingale Networks LLP,21-03-2025,Payment Success,222921.0,22
Maharashtra,Dhule,Nandurbar(St),Gowaal Kagada Padavi,Street lights,"Executive Engineer, Public Work Electrical Division, Dhule",VISHWESHWARI ELECTRICALS,30-07-2026,Payment Success,169530.0,22
Uttar Pradesh,Meerut,Meerut,Arun Govil,Street lights,UP SMALL INDUSTRIES CORPORATION LTD GHAZIABD,Uves Enterprises,26-02-2026,Payment Success,33207.0,22
Madhya Pradesh,Indore,Indore,Shankar Lalwani,Purchase of mobile water tankers,MP AGRO INDORE,G V INDUSTRIES,13-06-2025,Payment Success,160761.0,22
Punjab,Barnala,Sangrur,Gurmeet Singh Meet Hayer,Fitting of Sitting RCC Benches in Public Places,BLOCK DEVELOPMENT AND PANCHAYAT OFFICER BARNALA,shri Ganpati Tiles Matti,29-01-2026,Payment Success,35000.0,22
Madhya Pradesh,Narmadapuram,Hoshangabad,Darshan Singh Choudhary,"Purchase of prosthetics, wheel chairs, tricycles (manual or motorized), elect scooties, hearing aids",Dist hospital Narmadapuram,Punyashila Automobiles,28-05-2025,Payment Success,95000.0,22
Uttar Pradesh,Bijnor,Moradabad,Ruchi Vira,Lighting of public spaces,PROVINCIAL CO OPERATIVE CONSTRUTION AND DEVELOPMENT LIMITED,NATIONAL INFRATECH,17-03-2026,Payment Success,129368.0,22
Uttar Pradesh,Ballia,Ballia,Sanatan Pandey,Street lights,UPSIC KANPUR_2,SHRI SAI ENGINEERING WORKS,06-08-2025,Payment Success,216409.0,22
Uttar Pradesh,Etah,Farrukhabad,Mukesh Rajput,Street lights,UPSIC AGRA_5,Super Agro,16-01-2025,Payment Success,168382.0,22
Uttar Pradesh,Gorakhpur,Bansgaon(Sc),Kamlesh Paswan,Lighting of public spaces,UP STATE CONSTUCTION AND INFRASTRUCTURE DEVELOPMENT CORPORATION LIMITED GORAKHPUR,OM ENTERPRISES,17-07-2026,Payment Success,202016.0,22
Madhya Pradesh,Barwani,Khargone(St),Gajendra Singh Patel,Purchase of mobile water tankers,MP STATE AGRO IND DEV CORP LTD BARWANI,MP STATE AGRO IND DEV CO LTD BARWANI,06-05-2025,Payment Success,66026.0,22
Uttar Pradesh,Farrukhabad,Farrukhabad,Mukesh Rajput,Installation of fixed garden gym equipment,U P Small Industrites Corporation Ltd. Moradabad,Nightingale Networks LLP,20-11-2025,Payment Success,822505.0,21
Uttar Pradesh,Chandauli,Robertsganj(Sc),Chhotelal,Lighting of public spaces,UP STATE AGRO INDUSTRIAL CORPORATION LIMITED,UP STATE AGRO,28-11-2025,Payment Success,14152.0,21
Uttar Pradesh,Jhansi,Jhansi,Anurag Sharma,Purchase of mobile water tankers,UPstate agro ind. corp. ltd jhansi,NATIONAL ENGINEERING WORKS,23-09-2025,Payment Success,187500.0,21
Uttar Pradesh,Lalitpur,Jhansi,Anurag Sharma,Purchase of mobile water tankers,"Divisional Engineer , U P State Agro Ind. Corp. Ltd. Jhansi",NATIONAL ENGINEERING WORKS,27-10-2025,Payment Success,62187.0,21
Uttar Pradesh,Etawah,Etawah(Sc),Jitendra Kumar Dohare,Street lights,AREA OFFICER UP SMALL INDUSTRIES CORPORATION LTD KANPUR,Yuraj construction,16-09-2025,Payment Success,269138.0,21
Jharkhand,Simdega,Khunti(St),Kali Charan Munda,"Construction of roads, link roads, pathways or any other road with or without drainage system",Executive Engineer NREP Simdega,EE NREP SIMDEGA,08-09-2025,Payment Success,225000.0,21
Madhya Pradesh,Betul,Betul(St),Durga Das Uikey,Purchase of mobile water tankers,MPSAIDC-BTL,MP STATE AGRO INDUSTRIES DEVELOPMENT CORP LTD,25-07-2025,Payment Success,190546.0,21
Uttar Pradesh,Ayodhya,Faizabad,Awadhesh Prasad,Lighting of public spaces,U.P. State Construction & Infrastructure Development Corporation Ltd Ayodhya,Manoj kumar Srivastava,20-12-2025,Payment Success,54309.0,21
Chhattisgarh,Surguja,Sarguja(St),Chintamani Maharaj,Installing tube-wells and borewells,Sub Divisional Officer Chhattisgarh Water resource Department,Amit Traders,06-10-2025,Payment Success,90000.0,21
Madhya Pradesh,Damoh,Damoh,Rahul Singh Lodhi,Purchase of mobile water tankers,MP STATE AGRO IND DEV CORP LIMITED DAMOH,MAHALAXMI INDUSTRIES,15-01-2025,Payment Success,48724.0,21
Uttar Pradesh,Lalitpur,Jhansi,Anurag Sharma,Purchase of mobile water tankers,"Divisional Engineer , U P State Agro Ind. Corp. Ltd. Jhansi",NATIONAL ENGINEERING WORKS,10-10-2025,Payment Success,186562.0,21
West Bengal,Nadia,Murshidabad,Abu Taher Khan,Lighting of public spaces,West Bengal Agro Industries Corporation Ltd_3,KEYA CONSTRUCTION,09-04-2026,Payment Success,150734.0,21
Uttar Pradesh,Jaunpur,Machhlishahr(Sc),Priya Saroj,Street lights,Excutive Engineer UP Small Industries Corporation Ltd Kanpur Construction Division 6,BHAGWATI CHAND,18-08-2025,Payment Success,20896.0,21
Uttar Pradesh,Chitrakoot,Banda,Krishna Devi Shivshanker Patel,Lighting of public spaces,UP SMALL INDUSTRIES CORPORATION LIMITED,J B ENTERPRISES,20-03-2026,Payment Success,226584.0,21
Uttar Pradesh,Chitrakoot,Banda,Krishna Devi Shivshanker Patel,Lighting of public spaces,UP SMALL INDUSTRIES CORPORATION LIMITED,J B ENTERPRISES,08-04-2026,Payment Success,226584.0,21
Uttar Pradesh,Sambhal,Sambhal,Zia Ur Rehman,Lighting of public spaces,U P ENGINEERING AND LABOUR CO OPERATIVE FEDERATION LTD M P FUND SAMBHAL,R G SUPPLIERS,14-08-2026,Payment In-Progress,105000.0,20
Uttar Pradesh,Bijnor,Nagina(Sc),Chandra Shekhar,Lighting of public spaces,PROVINCIAL CO OPERATIVE CONSTRUTION AND DEVELOPMENT LIMITED,RAJ CUNSTRUCTION AND SUPPLIER,17-11-2024,Payment Success,142031.0,20
Uttar Pradesh,Jaunpur,Jaunpur,Babu Singh Kushwaha,Street lights,Area Manager U P Small Industries Corporation Ltd Prayagraj,Advent Infomax Pvt Ltd,06-12-2025,Payment Success,19989.0,20
Uttar Pradesh,Azamgarh,Lalganj (Sc),Daroga Prasad Saroj,Lighting of public spaces,RURAL ENGINEERING DEPARTMENT_27,NIKHIL ENTERPRISES,19-09-2025,Payment Success,230979.0,20
Madhya Pradesh,Khargone,Khandwa,Gyaneshwar Patil,Lighting of public spaces,MPSTATEAGRO INDUSTRIES DEVLOPMENT CORP LIMITED KHARGONE,mp agro,13-09-2024,Payment Success,311640.0,20
Maharashtra,Dhule,Nandurbar(St),Gowaal Kagada Padavi,Street lights,"Executive Engineer, Public Work Electrical Division, Dhule",SWAMI POWERTECH,30-07-2026,Payment Success,169530.0,20
Uttar Pradesh,Kanpur Dehat,Jalaun(Sc),Narayan Das Ahirwar,Lighting of public spaces,PCCD Ltd,shyam swaroop manufacturere,18-03-2025,Payment Success,179153.64,20
Uttar Pradesh,Kheri,Kheri,Utkarsh Verma Madhur,Lighting of public spaces,Rural Engineering Department_25,Shiv Kumar,13-07-2025,Payment Success,108338.0,20
Madhya Pradesh,Barwani,Khargone(St),Gajendra Singh Patel,Purchase of mobile water tankers,MP STATE AGRO IND DEV CORP LTD BARWANI,MP STATE AGRO IND DEV CO LTD BARWANI,26-02-2026,Payment Success,100000.0,20
Uttar Pradesh,Kheri,Kheri,Utkarsh Verma Madhur,Lighting of public spaces,Rural Engineering Department_25,Shiv Kumar,26-05-2025,Payment Success,108338.0,20
Uttar Pradesh,Banda,Banda,Krishna Devi Shivshanker Patel,Lighting of public spaces,UPSIC Banda 1,DHARMENDRA ENTERPRISES,03-09-2025,Payment Success,91820.0,20
Uttar Pradesh,Mainpuri,Mainpuri,Dimple Yadav,Lighting of public spaces,NEDA PARIYOJNA SAKSHI POERTAL MAINPURI,KLK Ventures Private Limited,21-02-2026,Payment In-Progress,15364.0,20
Uttar Pradesh,Bareilly,Bareilly,Chhatra Pal Singh Gangwar,Street lights,MPLADS BAREILLY RED BAREILLY,ANUJ SINGHAL CONTRACTOR,15-07-2025,Payment Success,647754.0,20
Bihar,Gaya,Aurangabad_Br,Abhay Kumar Sinha,Street lights,DPO GAYA,RANJIT SALES CORPORATION,11-03-2026,Payment Success,400000.0,20
Uttar Pradesh,Kheri,Dhaurahra,Anand Bhadauriya,Lighting of public spaces,Rural Engineering Department_25,MANNAT CONSTRUCTION,01-05-2025,Payment Success,114029.0,20
Uttar Pradesh,Kaushambi,Kaushambi(Sc),Pushpendra Saroj,Installing hand pumps,UTTAR PRADESH SMALL INDUSTRIES CORPORATION LTD PRAYAGRAJ_2,Ms Vikram Singh,20-12-2025,Payment Success,29570.0,20
Maharashtra,Nandurbar,Nandurbar(St),Gowaal Kagada Padavi,Street lights,Executive Engineer P.W.Dn.Elect. Dhule Not in Use,SWAMI POWERTECH,16-07-2026,Payment Success,169529.0,20
Uttar Pradesh,Moradabad,Moradabad,Ruchi Vira,Lighting of public spaces,Provincial Co-operative construction and Development Ltd_5,NATIONAL INFRATECH,24-04-2025,Payment Success,100418.0,20
Uttar Pradesh,Ayodhya,Faizabad,Awadhesh Prasad,Lighting of public spaces,U.P. State Construction & Infrastructure Development Corporation Ltd Ayodhya,Manoj kumar Srivastava,08-11-2025,Payment Success,191002.0,20
Uttar Pradesh,Kaushambi,Kaushambi(Sc),Pushpendra Saroj,Installing hand pumps,UTTAR PRADESH SMALL INDUSTRIES CORPORATION LTD PRAYAGRAJ_2,MS GYANCHAND,21-08-2025,Payment Success,44349.0,20
Uttar Pradesh,Kaushambi,Kaushambi(Sc),Pushpendra Saroj,Installing hand pumps,UTTAR PRADESH SMALL INDUSTRIES CORPORATION LTD PRAYAGRAJ_2,Ms Vikram Singh,25-03-2026,Payment Success,73926.0,20
Madhya Pradesh,Sidhi,Sidhi,Rajesh Mishra,Construction of common work sheds/ common covered sitting area,MP STATE AGRO INDUSTRIES DEVELOPMENT CORPORATION LTD SIDHI,MP STATE AGRO IND DEV CORP LTD,09-05-2025,Payment Success,259942.0,20
Uttar Pradesh,Jaunpur,Machhlishahr(Sc),Priya Saroj,Street lights,Excutive Engineer UP Small Industries Corporation Ltd Kanpur Construction Division 6,BHAGWATI CHAND,23-01-2025,Payment Success,41756.0,20
Uttar Pradesh,Rampur,Rampur,Mohibbullah,Lighting of public spaces,U P SMALL IND CORP MURADABAD,MR CONSTRUCTION,16-04-2026,Payment Success,174129.0,20
Madhya Pradesh,Damoh,Damoh,Rahul Singh Lodhi,Purchase of mobile water tankers,MP STATE AGRO IND DEV CORP LIMITED DAMOH,MP STATE AGRO INDUSTRIES DEVELOPMENT CORPORATION LTD DAMOH,23-07-2026,Payment Success,199604.0,20
Bihar,Bhojpur,Arrah,Sudama Prasad,Street lights,DISTRICT PLANNING OFFICE BHOJPUR ARA 1,RANJIT SALES CORPORATION,30-04-2026,Payment Success,500000.0,20
Uttar Pradesh,Etawah,Etawah(Sc),Jitendra Kumar Dohare,Street lights,AREA OFFICER UP SMALL INDUSTRIES CORPORATION LTD KANPUR,BAKE BIHARI TRADERS,22-11-2025,Payment Success,269969.0,20
Uttar Pradesh,Jaunpur,Machhlishahr(Sc),Priya Saroj,Street lights,Excutive Engineer UP Small Industries Corporation Ltd Kanpur Construction Division 6,BHAGWATI CHAND,02-04-2026,Payment Success,19834.0,20
Uttar Pradesh,Kanpur Dehat,Jalaun(Sc),Narayan Das Ahirwar,Lighting of public spaces,PCCD Ltd,shyam swaroop manufacturere,15-05-2025,Payment Success,59718.0,20
Bihar,Darbhanga,Darbhanga,Gopal Jee Thakur,Lighting of public spaces,PLANNING AND DEVELOPMENT DEPARTMENT,BIOLUNAR ENERGY SOLUTION,03-07-2026,Payment Success,495500.0,19
Uttar Pradesh,Mau,Ghosi,Rajeev Rai,Lighting of public spaces,provincial co-operative construction & development LTD,HIDAYA QIRAT ENTERPRISES,03-07-2026,Payment Success,159055.0,19
Odisha,Puri,Puri,Sambit Patra,Street lights,BLOCK KANAS,JOGENDRA KUMAR BARIK,31-12-2025,Payment Success,40000.0,19
Madhya Pradesh,Dhar,Dhar(St),Savitri Thakur,Construction of bus-sheds or bus-stops,MP AGRO IND DEV CO LTD DHAR,M P AGRO DHAR,18-06-2025,Payment Success,59942.0,19
Madhya Pradesh,Harda,Betul(St),Durga Das Uikey,Purchase of mobile water tankers,MP STATE AGRO IND. DEV. CORP LTD,MP STATE AGRO IND CORP HARDA,29-09-2025,Payment Success,190930.0,19
Uttar Pradesh,Moradabad,Moradabad,Ruchi Vira,Lighting of public spaces,Provincial Co-operative construction and Development Ltd_5,NATIONAL INFRATECH,22-04-2025,Payment Success,100418.0,19
Maharashtra,Solapur,Madha,Mohite Patil Dhairyasheel Rajsinh,Lighting of public spaces,"Executive Enginner, Public Works (Electric), Solapur",ABHIJEET AGENCIES SOLAPUR,04-03-2026,Payment Success,215332.0,19
West Bengal,Murshidabad,Murshidabad,Abu Taher Khan,Lighting of public spaces,West Bengal Agro Industries Corporation ltd (Murshidabad),SUPTI ENTERPRISE,10-12-2025,Payment Success,140538.0,19
Tamil Nadu,Chengalpattu,Kancheepuram(Sc),Ganesan Selvam,Purchase of sports equipment,CEO Chengalpattu,S K FURNITURE,13-08-2025,Payment Success,250000.0,19
West Bengal,Murshidabad,Jangipur,Khalilur Rahaman,Lighting of public spaces,West Bengal Agro Industries Corporation ltd (Murshidabad),SADIKUL ISLAM,24-12-2025,Payment Success,139707.0,19
Uttar Pradesh,Jaunpur,Machhlishahr(Sc),Priya Saroj,Street lights,Excutive Engineer UP Small Industries Corporation Ltd Kanpur Construction Division 6,BHAGWATI CHAND,15-01-2025,Payment Success,41756.0,19
Uttar Pradesh,Farrukhabad,Farrukhabad,Mukesh Rajput,Street lights,U P Small Industrites Corporation Ltd. Moradabad,Nightingale Networks LLP,11-02-2025,Payment Success,222921.0,19
Bihar,Gaya,Aurangabad_Br,Abhay Kumar Sinha,Street lights,DPO GAYA,RANJIT SALES CORPORATION,04-07-2026,Payment Success,400000.0,19
Uttar Pradesh,Ghazipur,Ballia,Sanatan Pandey,Street lights,U.P. Small Industries Corporation Ltd.-4,SHRI SAI ENGINEERING WORKS,24-03-2025,Payment Success,216296.0,19
Madhya Pradesh,Khargone,Khargone(St),Gajendra Singh Patel,Purchase of mobile water tankers,MPSTATEAGRO INDUSTRIES DEVLOPMENT CORP LIMITED KHARGONE,mp agro,19-11-2024,Payment Success,139388.0,19
Gujarat,Patan,Patan,Bharatsinhji Shankarji Dabhi,"Purchase of smart boards, visual display units and projectors",DPEO PATAN,YUG ENTERPRISE,08-09-2025,Payment Success,498875.0,19
Uttar Pradesh,Jaunpur,Machhlishahr(Sc),Priya Saroj,Street lights,Excutive Engineer UP Small Industries Corporation Ltd Kanpur Construction Division 6,BHAGWATI CHAND,19-08-2025,Payment Success,41792.0,19
Uttar Pradesh,Sambhal,Sambhal,Zia Ur Rehman,Installing community drinking water plants,U P ENGINEERING AND LABOUR CO OPERATIVE FEDERATION LTD M P FUND SAMBHAL,MK INFRATECH,30-10-2025,Payment Success,297306.0,19
Uttar Pradesh,Budaun,Aonla,Neeraj Maurya,Street lights,provincial co operative construction and development,SHRI GURU KRIPA NARSINGH ASSOCIATES,25-11-2024,Payment Success,1017636.0,19
Bihar,Siwan,Siwan,Vijaylakshmi Devi,Lighting of public spaces,IA DPO Siwan_2,Alam Brothers,07-08-2025,Payment Success,958500.0,19
Telangana,Ranga Reddy,Bhongir,Chamala Kiran Kumar Reddy,Street lights,Executive Engineer PR Division Ibrahimpatnam,DORNALA ANJAIAH,05-03-2025,Payment Success,99906.0,19
Uttar Pradesh,Chitrakoot,Banda,Krishna Devi Shivshanker Patel,Lighting of public spaces,UP SMALL INDUSTRIES CORPORATION LIMITED,J B ENTERPRISES,06-02-2025,Payment Success,226584.0,19
Uttar Pradesh,Varanasi,Machhlishahr(Sc),Priya Saroj,Street lights,CONSTRUCTION AND DESIGN SERVICES E M WING UP JAL NIGAM URBAN VARANASI,Aaradhya Enterprises,22-09-2025,Payment Success,41888.0,19
Madhya Pradesh,Neemuch,Mandsour,Sudheer Gupta,Purchase Books for Library,DISTRICT EDUCATION OFFICER NEEMUCH_2,DISTRICT EDUCATION OFFICER NEEMUCH,22-04-2025,Payment Success,50000.0,19
Uttar Pradesh,Auraiya,Etawah(Sc),Jitendra Kumar Dohare,Street lights,KSHETRA PANCHAYAT BHAGYANAGAR,OMEGA ENTERPRISES DIBIYAPUR,26-09-2025,Payment Success,189514.0,19
Uttar Pradesh,Jaunpur,Machhlishahr(Sc),Priya Saroj,Street lights,Excutive Engineer UP Small Industries Corporation Ltd Kanpur Construction Division 6,BHAGWATI CHAND,13-01-2025,Payment Success,41756.0,19
Uttar Pradesh,Kheri,Kheri,Utkarsh Verma Madhur,Lighting of public spaces,Rural Engineering Department_25,Shiv kumar thekedar,22-04-2026,Payment Success,49402.0,19
Madhya Pradesh,Dhar,Dhar(St),Savitri Thakur,Construction of bus-sheds or bus-stops,MP AGRO IND DEV CO LTD DHAR,M P AGRO DHAR,28-01-2025,Payment Success,200000.0,19
Jharkhand,Palamu,Palamu(Sc),Vishnu Dayal Ram,"Construction of roads, link roads, pathways or any other road with or without drainage system",Executive Engineer NREP Palamu,SITA RAM PATEL,21-09-2025,Payment Success,269760.0,18
West Bengal,Paschim Medinipur,Ghatal,Deepak (Dev) Adhikari,Street lights,Ghatal Municipality,ARUP GHOSH,04-11-2025,Payment Success,348922.0,18
West Bengal,Paschim Medinipur,Ghatal,Deepak (Dev) Adhikari,Street lights,Ghatal Municipality,ARUN KUMAR DAS,04-11-2025,Payment Success,348922.0,18
Uttar Pradesh,Sambhal,Sambhal,Zia Ur Rehman,Installing community drinking water plants,U P ENGINEERING AND LABOUR CO OPERATIVE FEDERATION LTD M P FUND SAMBHAL,MK INFRATECH,15-04-2026,Payment Success,105694.0,18
Bihar,Gaya,Aurangabad_Br,Abhay Kumar Sinha,Purchase of books and periodicals for libraries/digitization of library books,DPO GAYA,Gyan Ganga,25-04-2025,Payment Success,473826.0,18
Uttar Pradesh,Chandauli,Robertsganj(Sc),Chhotelal,Lighting of public spaces,DIRECTOR C AND DS EM WING UP JAL NIGAM,MAA VINDHYAVASHINI ENTERPRISES,16-10-2025,Payment Success,11000.0,18
Uttar Pradesh,Kheri,Dhaurahra,Anand Bhadauriya,Lighting of public spaces,Rural Engineering Department_25,MANNAT CONSTRUCTION,23-09-2025,Payment Success,51987.0,18
Chhattisgarh,Sakti,Janjgir Champa(Sc),Kamlesh Jangde,Installing tube-wells and borewells,sub Divisional Officer Em Division No-1 Nandeli Bhata sakti,Abhishek Enterprises,28-07-2026,Payment Success,150000.0,18
Karnataka,Mandya,Mandya,H.D. Kumaraswamy,Construction of community centers and community halls,NIRMITHI KENDRA MANDYA,PROJECT MANAGER NIRMITHI KENDRA MANDYA,25-08-2025,Payment Success,375000.0,18
Chhattisgarh,Sakti,Janjgir Champa(Sc),Kamlesh Jangde,Purchase of books and periodicals for libraries/digitization of library books,DEO SAKTI_2,Mittal Book Agency,03-02-2026,Payment Success,30000.0,18
Madhya Pradesh,Betul,Betul(St),Durga Das Uikey,Purchase of mobile water tankers,MPSAIDC-BTL,MP STATE AGRO INDUSTRIES DEVELOPMENT CORP LTD,11-03-2026,Payment Success,190546.0,18
Madhya Pradesh,Balaghat,Balaghat,Bharti Pardhi,Lighting of public spaces,MPSAIDC-BGT,MP State Agro Balaghat,13-11-2025,Payment Success,247537.0,18
Bihar,Siwan,Siwan,Vijaylakshmi Devi,Installation of fixed garden gym equipment,IA DPO Siwan_2,Alam Brothers,23-09-2025,Payment Success,992000.0,18
Uttar Pradesh,Kushinagar,Kushi Nagar,Vijay Kumar Dubey,Lighting of public spaces,Rural Engineering Deportment,MAHI ENTERPRISES,08-12-2025,Payment Success,66368.0,18
Haryana,Hisar,Hisar,Jai Parkash,Purchase of mobile water tankers,"XEN, PR, Hisar",KAMBOJ AGRI WORKS,24-06-2026,Payment Success,165000.0,18
Madhya Pradesh,Sidhi,Sidhi,Rajesh Mishra,Construction of common work sheds/ common covered sitting area,MP STATE AGRO INDUSTRIES DEVELOPMENT CORPORATION LTD SIDHI,MP STATE AGRO IND DEV CORP LTD,13-05-2025,Payment Success,259942.0,18
Jharkhand,Dhanbad,Dhanbad,Dulu Mahato,"Construction of roads, link roads, pathways or any other road with or without drainage system",EXECUTIVE ENGINEER MINOR IRRIGATION DIVISION DHANBAD,BIRENDRA KUMAR MAHATO,14-07-2025,Payment Success,200000.0,18
Jharkhand,Jamtara,Dumka(St),Nalin Soren,Construction of public irrigation facilities,Executive Engineer NREP Jamtara_2,PAPAN KUMAR MANDAL,14-07-2026,Payment Success,250000.0,18
Uttar Pradesh,Chandauli,Robertsganj(Sc),Chhotelal,Lighting of public spaces,UP STATE AGRO INDUSTRIAL CORPORATION LIMITED,UP STATE AGRO,28-11-2025,Payment Success,87000.0,18
Odisha,Puri,Puri,Sambit Patra,Street lights,"Panchayat Samiti, Puri Sadar",ODISHA DISTRIBUTING AUTHORITY,18-09-2025,Payment Success,40000.0,18
Uttar Pradesh,Azamgarh,Lalganj (Sc),Daroga Prasad Saroj,Lighting of public spaces,UTTAR PRADESH SMALL INDUSTRIES CORPORATION LTD._3,DPS Enterprises,22-03-2026,Payment Success,306566.0,18
Tamil Nadu,Viluppuram,Viluppuram(Sc),D Ravikumar,"Purchase of smart boards, visual display units and projectors",RMSA-VILLUPURAM-TN,MAGIZH ENTERPRISES,21-11-2025,Payment Success,200000.0,18
Tamil Nadu,Viluppuram,Viluppuram(Sc),D Ravikumar,"Purchase of smart boards, visual display units and projectors",RMSA-VILLUPURAM-TN,NISHAS ENTERPRISES,27-07-2025,Payment Success,200000.0,18
Uttar Pradesh,Farrukhabad,Farrukhabad,Mukesh Rajput,Installation of fixed garden gym equipment,U P Small Industrites Corporation Ltd. Moradabad,Nightingale Networks LLP,14-10-2025,Payment Success,822505.0,18
Uttar Pradesh,Sambhal,Sambhal,Zia Ur Rehman,Installing community drinking water plants,U P ENGINEERING AND LABOUR CO OPERATIVE FEDERATION LTD M P FUND SAMBHAL,MK INFRATECH,16-10-2025,Payment Success,297306.0,18
Telangana,Kamareddy,Zahirabad,Suresh Kumar Shetkar,Street lights,"DISTRCIT PANCHAYAT RAJ ENGINEER PIU, KAMAREDDY",NAV BHARATH CONSTRUCIONS,12-12-2025,Payment Success,99632.0,18
Odisha,Nayagada,Puri,Sambit Patra,Street lights,BLOCK ODAGAON 2422 OD,ODISHA DISTRIBUTING AUTHORITY,07-01-2026,Payment Success,39600.0,18
Odisha,Nayagada,Puri,Sambit Patra,Street lights,BLOCK ODAGAON 2422 OD,MEMBER SECY OB AND OC WWB BBSR,07-01-2026,Payment Success,400.0,18
Bihar,Supaul,Supaul,Dileshwar Kamait,Lighting of public spaces,"DPO, SUPAUL_IA",CHANDAN ENTERPRISES,20-07-2026,Payment Success,921000.0,18
Madhya Pradesh,Narmadapuram,Hoshangabad,Darshan Singh Choudhary,"Purchase of prosthetics, wheel chairs, tricycles (manual or motorized), elect scooties, hearing aids",Dist hospital Narmadapuram,Punyashila Automobiles,26-05-2025,Payment Success,95000.0,18
Madhya Pradesh,Bhind,Bhind(Sc),Sandhya Ray,Installation of fixed garden gym equipment,MP STATE AGRO BHIND,MP STATE AGRO INDUSTRIES DEV CORP LTD,10-03-2026,Payment Success,386145.0,17
Uttar Pradesh,Jaunpur,Machhlishahr(Sc),Priya Saroj,Street lights,Excutive Engineer UP Small Industries Corporation Ltd Kanpur Construction Division 6,BHAGWATI CHAND,05-04-2026,Payment Success,19834.0,17
Uttar Pradesh,Jaunpur,Jaunpur,Babu Singh Kushwaha,Street lights,Area Manager U P Small Industries Corporation Ltd Prayagraj,Ajay Kumar Singh,14-02-2026,Payment Success,19992.0,17
Uttar Pradesh,Budaun,Aonla,Neeraj Maurya,Street lights,provincial co operative construction and development,SHRI GURU KRIPA NARSINGH ASSOCIATES,23-11-2024,Payment Success,1017636.0,17
Tamil Nadu,Chengalpattu,Kancheepuram(Sc),Ganesan Selvam,"Purchase of smart boards, visual display units and projectors",CEO Chengalpattu,T S SOLAR POWER SYSTEM,04-09-2025,Payment Success,400000.0,17
Uttar Pradesh,Banda,Banda,Krishna Devi Shivshanker Patel,Lighting of public spaces,UPSIC Banda 1,DHARMENDRA ENTERPRISES,05-07-2025,Payment Success,232198.0,17
Uttar Pradesh,Kheri,Dhaurahra,Anand Bhadauriya,Lighting of public spaces,Rural Engineering Department_25,MANNAT CONSTRUCTION,05-04-2025,Payment Success,114029.0,17
Uttar Pradesh,Budaun,Aonla,Neeraj Maurya,Lighting of public spaces,provincial co operative construction and development,BIHARI JI MAHADEV ASSOCIATES,02-06-2025,Payment Success,1017636.0,17
Uttar Pradesh,Jaunpur,Jaunpur,Babu Singh Kushwaha,Street lights,Area Manager U P Small Industries Corporation Ltd Prayagraj,Ajay Kumar Singh,12-02-2026,Payment Success,19992.0,17
Uttar Pradesh,Ballia,Ghosi,Rajeev Rai,Lighting of public spaces,RURAL ENGINEERING DEPARTMENT Ballia,ABHAY NARAYAN YADAV,25-02-2026,Payment Success,54914.0,17
Madhya Pradesh,Khargone,Khandwa,Gyaneshwar Patil,Purchase of mobile water tankers,MPSTATEAGRO INDUSTRIES DEVLOPMENT CORP LIMITED KHARGONE,mp agro,10-03-2025,Payment Success,57163.0,17
West Bengal,Cooch Behar,Coochbehar(Sc),Jagadish Chandra Barma Basunia,Lighting of public spaces,AEO COOCH BEHAR ZILLA PARISHAD,PABAN AGARWALA,28-08-2025,Payment Success,556365.0,17
West Bengal,Purulia,Purulia,Jyotirmay Singh Mahato,Lighting of public spaces,NACOF (INDIA)_ LTD.,ATANU PATRA,04-08-2026,Payment Success,377801.0,17
Bihar,Gaya,Gaya (Sc),Jitan Ram Manjhi,Installing hand pumps,MS EXECUTIVE ENGINEER LAEO WORK DIV-02 SHERGHATI,ASSISTANT ENGINEER LAEO SHERGHATI VIDHAN SABHA,05-02-2026,Payment Success,73969.0,17
Odisha,Puri,Puri,Sambit Patra,Street lights,"Panchayat Samiti, Puri Sadar",ODISHA DISTRIBUTING AUTHORITY,12-09-2025,Payment Success,40000.0,17
Chhattisgarh,Sakti,Janjgir Champa(Sc),Kamlesh Jangde,Installing hand pumps,sub Divisional Officer Em Division No-1 Nandeli Bhata sakti,Abhishek Enterprises,28-01-2026,Payment Success,37500.0,17
Chhattisgarh,Sakti,Janjgir Champa(Sc),Kamlesh Jangde,Purchase of books and periodicals for libraries/digitization of library books,DEO SAKTI_2,Mittal Book Agency,04-02-2026,Payment Success,30000.0,17
Uttar Pradesh,Sambhal,Sambhal,Zia Ur Rehman,Lighting of public spaces,U P ENGINEERING AND LABOUR CO OPERATIVE FEDERATION LTD M P FUND SAMBHAL,R G SUPLLIER,01-12-2025,Payment Success,103840.0,17
Uttar Pradesh,Auraiya,Etawah(Sc),Jitendra Kumar Dohare,Street lights,EX UPSIC KANPUR,A K ENTERPRISES,14-11-2025,Payment Success,169842.0,17
Gujarat,Gandhinagar,Gandhinagar,Amit Shah,Purchase of books and periodicals for libraries/digitization of library books,State Central Library Gandhinagar,Navbharat Sahitya Mandir,07-01-2026,Payment Success,184637.0,17
Bihar,Darbhanga,Darbhanga,Gopal Jee Thakur,Lighting of public spaces,PLANNING AND DEVELOPMENT DEPARTMENT,BIOLUNAR ENERGY SOLUTION,07-07-2026,Payment Success,495500.0,17
Bihar,Bhagalpur,Bhagalpur,Ajay Kumar Mandal,Lighting of public spaces,DISTRICT PLANNING OFFICER BHAGALPUR_IA,SHIV DURGA INDUSTRIES,18-06-2026,Payment Success,1023999.0,16
Bihar,Munger,Jamui(Sc),Arun Bharti,Purchase of books and periodicals for libraries/digitization of library books,DPO MUNGER_3,VIDYA VIHAR,16-05-2026,Payment Success,100000.0,16
Madhya Pradesh,Damoh,Damoh,Rahul Singh Lodhi,Purchase of mobile water tankers,MP STATE AGRO IND DEV CORP LIMITED DAMOH,MAHALAXMI INDUSTRIES,18-11-2024,Payment Success,150000.0,16
Odisha,Nayagada,Puri,Sambit Patra,Street lights,BLOCK ODAGAON 2422 OD,ODISHA DISTRIBUTING AUTHORITY,01-01-2026,Payment Success,39600.0,16
Bihar,Siwan,Siwan,Vijaylakshmi Devi,Lighting of public spaces,IA DPO Siwan_2,Alam Brothers,25-06-2026,Payment Success,962500.0,16
Uttar Pradesh,Ambedkar Nagar,Ambedkar Nagar,Lalji Verma,Street lights,UP SIC LTD PRAYAGRAJ,Exajoule PVT LTD,15-10-2025,Payment Success,12298.0,16
Uttar Pradesh,Moradabad,Moradabad,Ruchi Vira,Lighting of public spaces,Provincial Co-operative construction and Development Ltd_5,NATIONAL INFRATECH,03-06-2025,Payment Success,100418.0,16
Odisha,Nayagada,Puri,Sambit Patra,Street lights,BLOCK ODAGAON 2422 OD,MEMBER SECY OB AND OC WWB BBSR,01-01-2026,Payment Success,400.0,16
Uttar Pradesh,Kaushambi,Kaushambi(Sc),Pushpendra Saroj,Installing hand pumps,UTTAR PRADESH SMALL INDUSTRIES CORPORATION LTD PRAYAGRAJ_2,VIVEK ENTERPRISES,23-12-2025,Payment Success,29578.0,16
Rajasthan,Barmer,Barmer,Ummeda Ram Beniwal,"Purchase of smart boards, visual display units and projectors",ZILA PARISHAD BARMER,Jasnath Computer sale and service,20-02-2026,Payment Success,146800.0,16
Odisha,Nayagada,Puri,Sambit Patra,Street lights,BDO_RANAPUR,MISC ACCOUNT BDO RANPUR,09-03-2026,Payment Success,400.0,16
Odisha,Nayagada,Puri,Sambit Patra,Street lights,BDO_RANAPUR,MEMBER SECY OB AND OC WWB BBSR,09-03-2026,Payment Success,400.0,16
Uttar Pradesh,Ghazipur,Ghazipur,Afzal Ansari,Street lights,U.P. SMALL INDUSTRIES CORPORATION LTD. AREA OFFICE Kanpur,SHYAM SOLAR TRADING,04-07-2026,Payment Success,129312.0,16
Odisha,Rayagada,Koraput(St),Saptagiri Sankar Ulaka,"Construction of roads, link roads, pathways or any other road with or without drainage system","INTEGRATED TRIBAL DEVLOPMENT AGENCY,RAYAGADA",RAMESWAR NAIK,10-02-2026,Payment Success,200000.0,16
Madhya Pradesh,Khandwa,Khandwa,Gyaneshwar Patil,Purchase Books for Library,DISTRICT EDUCATION DEPARTMENT KHANDWA,PRATIBHA PRATISHTHAN,12-02-2025,Payment Success,100000.0,16
Madhya Pradesh,Dewas,Khandwa,Gyaneshwar Patil,Construction of water tanks,M.P.State Agro ind.Dev.Corpn.Ltd,MPAGRO,04-11-2025,Payment Success,114930.0,16
Uttar Pradesh,Kaushambi,Kaushambi(Sc),Pushpendra Saroj,Installing hand pumps,UTTAR PRADESH SMALL INDUSTRIES CORPORATION LTD PRAYAGRAJ_2,MS BARE LAL,21-08-2025,Payment Success,44347.0,16
Odisha,Nayagada,Puri,Sambit Patra,Street lights,BDO_RANAPUR,ODISHA DISTRIBUTING AUTHORITY,09-03-2026,Payment Success,39200.0,16
Madhya Pradesh,Khargone,Khandwa,Gyaneshwar Patil,Purchase of mobile water tankers,MPSTATEAGRO INDUSTRIES DEVLOPMENT CORP LIMITED KHARGONE,mp agro,13-09-2024,Payment Success,133383.0,16
Madhya Pradesh,Khargone,Khandwa,Gyaneshwar Patil,Construction of water tanks,MPSTATEAGRO INDUSTRIES DEVLOPMENT CORP LIMITED KHARGONE,mp agro,27-06-2025,Payment Success,190930.0,16
Uttar Pradesh,Varanasi,Machhlishahr(Sc),Priya Saroj,Street lights,CONSTRUCTION AND DESIGN SERVICES E M WING UP JAL NIGAM URBAN VARANASI,Aaradhya Enterprises,23-09-2025,Payment Success,41888.0,16
Bihar,Sitamarhi,Sitamarhi,Devesh Chandra Thakur,Providing CCTV camera system for security of public areas,district planning office sitamarhi,AV ENTERTAINMENT,26-07-2025,Payment Success,125000.0,16
Uttar Pradesh,Bulandshahr,Bulandshahr(Sc),Bhola Singh,Lighting of public spaces,PROVINCIAL CO-OPERRATIVE CONSTRUCTION AND DEVELOPMENT LTD BULANDSHAHR,Electromech Enterpries,01-08-2025,Payment Success,77651.0,16
Odisha,Puri,Puri,Sambit Patra,Street lights,BLOCK KANAS,JOGENDRA KUMAR BARIK,30-12-2025,Payment Success,40000.0,16
Madhya Pradesh,Rajgarh,Rajgarh,Rodmal Nagar,Installation of fixed garden gym equipment,MP State Cooperative Marketing Federation Limited Rajgarh,MP State Cooperative Marketing Fed Li Rajgarh,23-01-2026,Payment Success,497598.0,16
Madhya Pradesh,Datia,Bhind(Sc),Sandhya Ray,Installation of fixed garden gym equipment,M P STATE AGRO INDUSTRIESDEVELOPMENT CORPORATION LTD,M P STATE AGRO INDUSTRIES DEV CORP LTD,25-02-2026,Payment Success,386145.0,16
Uttar Pradesh,Bulandshahr,Bulandshahr(Sc),Bhola Singh,Lighting of public spaces,PROVINCIAL CO-OPERRATIVE CONSTRUCTION AND DEVELOPMENT LTD BULANDSHAHR,Electromech Enterpries,24-05-2025,Payment Success,221238.0,16
Odisha,Puri,Puri,Sambit Patra,Street lights,BLOCK KANAS,JOGENDRA KUMAR BARIK,01-01-2026,Payment Success,40000.0,16
Bihar,Purnia,Purnea,Rajesh Ranjan Alias Pappu Yadav,Street lights,District Planning Office Purnea,SILIGURI TRADING CENTRE Previously Known as G AND D TRADERS,03-07-2026,Payment Success,820100.0,16
Madhya Pradesh,Rajgarh,Rajgarh,Rodmal Nagar,Installation of fixed garden gym equipment,MP State Cooperative Marketing Federation Limited Rajgarh,MP State Cooperative Marketing Fed Li Rajgarh,13-10-2025,Payment Success,500000.0,16
Madhya Pradesh,Sidhi,Sidhi,Rajesh Mishra,Street lights,MP STATE AGRO INDUSTRIES DEVELOPMENT CORPORATION LTD SIDHI,MP STATE AGRO IND DEV CORP LTD,12-02-2026,Payment Success,703185.0,16
Madhya Pradesh,Ujjain,Ujjain(Sc),Anil Firojiya,Purchase of mobile water tankers,M P State Agro Ind Dev Corpo Ujjain,G V INDUSTRIES,04-08-2025,Payment Success,160761.0,16
Madhya Pradesh,Rajgarh,Rajgarh,Rodmal Nagar,Installation of fixed garden gym equipment,MP State Cooperative Marketing Federation Limited Rajgarh,MP State Cooperative Marketing Fed Li Rajgarh,07-12-2025,Payment Success,471869.0,16
Uttar Pradesh,Kaushambi,Kaushambi(Sc),Pushpendra Saroj,Installing hand pumps,UTTAR PRADESH SMALL INDUSTRIES CORPORATION LTD PRAYAGRAJ_2,MS BARE LAL,24-12-2025,Payment Success,29579.0,16
Bihar,Darbhanga,Madhubani,Ashok Kumar Yadav,Street lights,PLANNING AND DEVELOPMENT DEPARTMENT,BIOLUNAR ENERGY SOLUTION,21-03-2025,Payment Success,495000.0,16
Kerala,Kannur,Kannur,Kumbakudi Sudhakaran,"Purchase of prosthetics, wheel chairs, tricycles (manual or motorized), elect scooties, hearing aids","DISTRICT SOCIAL JUSTICE OFFICER, KANNUR",Keltron Component complex Ltd Kannur,20-01-2026,Payment Success,110000.0,16
Uttar Pradesh,Kushinagar,Kushi Nagar,Vijay Kumar Dubey,Lighting of public spaces,Rural Engineering Deportment,MAHI ENTERPRISES,18-10-2025,Payment Success,175821.0,16
Jharkhand,East Singhbum,Jamshedpur,Bidyut Baran Mahato,Construction of common work sheds/ common covered sitting area,EXECUTIVE ENGINEER NREP JAMSHEDPUR,Bijay Bhusan,23-12-2025,Payment Success,427875.0,16
Bihar,Gaya,Aurangabad_Br,Abhay Kumar Sinha,Purchase of books and periodicals for libraries/digitization of library books,DPO GAYA,LITTLE GENIUS AGENCIES,04-04-2025,Payment Success,498748.0,16
Uttar Pradesh,Jhansi,Jhansi,Anurag Sharma,Purchase of mobile water tankers,UPstate agro ind. corp. ltd jhansi,NATIONAL ENGINEERING WORKS,17-01-2026,Payment Success,61600.0,16
Uttar Pradesh,Rampur,Rampur,Mohibbullah,Lighting of public spaces,U P SMALL IND CORP MURADABAD,AL ARQAM ENTERPRISES,06-06-2025,Payment Success,172830.0,16
Chhattisgarh,Surguja,Sarguja(St),Chintamani Maharaj,Installing tube-wells and borewells,Sub Divisional Officer Chhattisgarh Water resource Department,SANWARIYA BOREWELLS,24-01-2025,Payment Success,90000.0,16
Uttar Pradesh,Kheri,Dhaurahra,Anand Bhadauriya,Lighting of public spaces,Rural Engineering Department_25,MANNAT CONSTRUCTION,23-09-2025,Payment Success,51988.0,15
Uttar Pradesh,Kannauj,Kannauj,Akhilesh Yadav,Lighting of public spaces,AREA MANAGER UPSIC LTD KANPUR,MARUTI ENTERPRISES,30-04-2026,Payment Success,19101.0,15
Madhya Pradesh,Betul,Betul(St),Durga Das Uikey,Purchase of mobile water tankers,MPSAIDC-BTL,MP STATE AGRO INDUSTRIES DEVELOPMENT CORP LTD,26-07-2025,Payment Success,190546.0,15
Uttar Pradesh,Kheri,Dhaurahra,Anand Bhadauriya,Lighting of public spaces,Rural Engineering Department_25,MANNAT CONSTRUCTION,03-05-2025,Payment Success,114029.0,15
Uttar Pradesh,Prayagraj,Bhadohi,Vinod Kumar Bind,Lighting of public spaces,EXECUTIVE ENGINEER UPSIC LTD PRAYAGRAJ_2,Asesar Singh Contractor,06-05-2026,Payment Success,100137.0,15
Madhya Pradesh,Rajgarh,Rajgarh,Rodmal Nagar,Installation of fixed garden gym equipment,MP State Cooperative Marketing Federation Limited Rajgarh,MP State Cooperative Marketing Fed Li Rajgarh,24-04-2026,Payment Success,468841.0,15
Uttar Pradesh,Rampur,Rampur,Mohibbullah,Lighting of public spaces,U P SMALL IND CORP MURADABAD,A MINE TRADERS,23-07-2026,Payment Success,174129.0,15
Uttar Pradesh,Rampur,Rampur,Mohibbullah,Lighting of public spaces,U P SMALL IND CORP MURADABAD,AL ARQAM ENTERPRISES,17-03-2025,Payment Success,165627.0,15
Uttar Pradesh,Farrukhabad,Farrukhabad,Mukesh Rajput,Installation of fixed garden gym equipment,U P Small Industrites Corporation Ltd. Moradabad,Nightingale Networks LLP,12-08-2026,Payment Success,525547.0,15
Uttar Pradesh,Jaunpur,Machhlishahr(Sc),Priya Saroj,Street lights,Excutive Engineer UP Small Industries Corporation Ltd Kanpur Construction Division 6,BHAGWATI CHAND,04-04-2026,Payment Success,19834.0,15
Bihar,Madhubani,Jhanjharpur,Ramprit Mandal,Street lights,DPO MADHUBANI_4,Anil Electricals,12-09-2025,Payment Success,1040000.0,15
Madhya Pradesh,Balaghat,Balaghat,Bharti Pardhi,Purchase of mobile water tankers,MPSAIDC-BGT,MP State Agro Balaghat,18-06-2026,Payment Success,199604.0,15
Madhya Pradesh,Dewas,Khandwa,Gyaneshwar Patil,Construction of water tanks,M.P.State Agro ind.Dev.Corpn.Ltd,MPAGRO,05-03-2026,Payment Success,76000.0,15
Uttar Pradesh,Bijnor,Moradabad,Ruchi Vira,Lighting of public spaces,PROVINCIAL CO OPERATIVE CONSTRUTION AND DEVELOPMENT LIMITED,NATIONAL INFRATECH,25-03-2026,Payment Success,129368.0,15
Uttar Pradesh,Kaushambi,Kaushambi(Sc),Pushpendra Saroj,Installing hand pumps,UTTAR PRADESH SMALL INDUSTRIES CORPORATION LTD PRAYAGRAJ_2,VIVEK ENTERPRISES,16-07-2025,Payment Success,44356.0,15
Uttar Pradesh,Bhadohi,Bhadohi,Vinod Kumar Bind,Lighting of public spaces,UP SICL,Gandhi Construction And Supplier,25-12-2025,Payment Success,107898.0,15
Odisha,Nayagada,Puri,Sambit Patra,Street lights,BLOCK ODAGAON 2422 OD,MEMBER SECY OB AND OC WWB BBSR,08-01-2026,Payment Success,400.0,15
Madhya Pradesh,Harda,Betul(St),Durga Das Uikey,Construction of bus-sheds or bus-stops,MP STATE AGRO IND. DEV. CORP LTD,MP STATE AGRO IND CORP HARDA,29-09-2025,Payment Success,259942.0,15
Madhya Pradesh,Betul,Betul(St),Durga Das Uikey,Purchase of mobile water tankers,MPSAIDC-BTL,MP STATE AGRO INDUSTRIES DEVELOPMENT CORP LTD,10-03-2026,Payment Success,190546.0,15
Jharkhand,Bokaro,Giridih,Chandra Prakash Choudhary,Street lights,Rural Development Special Division Bokaro,JUNIOR ENGINEER RDSD BOKARO,20-08-2025,Payment Success,180000.0,15
Kerala,Palakkad,Palakkad,Vellalath Kochukrishnan Nair Sreekandan,Lighting of public spaces,Pattambi Municipality,VISION ELECTRICALS AND ELECTRONICS,23-02-2026,Payment Success,184431.0,15
Uttar Pradesh,Lucknow,Mohanlalganj(Sc),R.K. Chaudhary,Lighting of public spaces,EE RED -Rural Engineering Department,SHREE HARIOM INFOTECH,29-05-2025,Payment Success,107715.0,15
Uttar Pradesh,Banda,Banda,Krishna Devi Shivshanker Patel,Lighting of public spaces,UPSIC Banda 1,DHARMENDRA ENTERPRISES,01-09-2025,Payment Success,232198.0,15
Uttar Pradesh,Ayodhya,Faizabad,Awadhesh Prasad,Lighting of public spaces,Executive Engineer Rural Engineering Department Division AyodhyaAyodhya,VIDYA SINGH,27-05-2026,Payment Success,183246.0,15
Punjab,Faridkot,Faridkot(Sc),Sarabjeet Singh Khalsa,Fitting of Sitting RCC Benches in Public Places,BLOCK FARIDKOT,N R INDUSTRIES,25-09-2024,Payment Success,150000.0,15
Bihar,Saharsa,Madhepura,Dinesh Chandra Yadav,Setting up of laboratories,"DPO, SAHARSA_IA",ANNPURNA TRADING,02-06-2025,Payment Success,1249000.0,15
Bihar,Aurangabad,Aurangabad_Br,Abhay Kumar Sinha,Lighting of public spaces,DISTRICT PLANNING OFFICE AURANGABAD,ECO SYSTEM,11-08-2025,Payment Success,299000.0,15
Telangana,Kumuram Bheem Asifabad,Adilabad(St),Godam Nagesh,Lighting of public spaces,"District Panchayath Raj Engineer, PIU",JAGADEESHWAR HANUMANDLA,04-09-2025,Payment Success,199999.0,15
Telangana,Jangoan,Bhongir,Chamala Kiran Kumar Reddy,Lighting of public spaces,DPRE JANGAON TSA,UPENDER KURELLA,27-05-2025,Payment Success,99754.0,15
Bihar,Darbhanga,Darbhanga,Gopal Jee Thakur,Lighting of public spaces,PLANNING AND DEVELOPMENT DEPARTMENT,BIOLUNAR ENERGY SOLUTION,02-07-2026,Payment Success,495500.0,15
Uttar Pradesh,Kushinagar,Kushi Nagar,Vijay Kumar Dubey,Lighting of public spaces,Rural Engineering Deportment,MAHI ENTERPRISES,26-02-2026,Payment Success,60494.0,15
Jharkhand,Simdega,Khunti(St),Kali Charan Munda,"Construction of roads, link roads, pathways or any other road with or without drainage system",Executive Engineer NREP Simdega,EE NREP SIMDEGA,11-08-2026,Payment Success,75000.0,15
Telangana,Jagitial,Nizamabad,Arvind Dharmapuri,Street lights,"DPRE, JAGITIAL",Dundra Kumara Swamy,18-11-2025,Payment Success,135000.0,15
Jharkhand,Sahebganj,Rajmahal(St),Vijay Kumar Hansdak,Construction of water tanks,"EXECUTIVE ENGINEER,NREP SAHIBGANJ",ARJUN KUMAR SAH,21-09-2025,Payment Success,105000.0,15
Uttar Pradesh,Kheri,Kheri,Utkarsh Verma Madhur,Lighting of public spaces,Rural Engineering Department_25,Shiv Kumar,29-05-2025,Payment Success,108338.0,15
Madhya Pradesh,Shahdol,Sidhi,Rajesh Mishra,Street lights,Executive engineer PWD (EM) DIV REWA,SADGURU SAI INFRA WORLD PVT LTD REWA,26-04-2025,Payment Success,968970.0,15
Odisha,Puri,Puri,Sambit Patra,Street lights,"Panchayat Samiti, Satyabadi",ODISHA DISTRIBUTING AUTHORITY,13-03-2026,Payment Success,40000.0,15
Punjab,Pathankot,Gurdaspur,Sukhjinder Singh Randhawa,Street lights,EXECUTIVE ENGINEER CONSTRUCTION DIVISION PWD B AND R PATHANKOT,MS SRV INTERNATIONAL,25-12-2025,Payment Success,85042.0,15
Uttar Pradesh,Moradabad,Sambhal,Zia Ur Rehman,Installing community drinking water plants,Provincial Co-operative construction and Development Ltd_5,MK INFRATECH,15-10-2025,Payment Success,237180.0,15
Odisha,Puri,Puri,Sambit Patra,Street lights,"Panchayat Samiti, Satyabadi",ODISHA DISTRIBUTING AUTHORITY,16-03-2026,Payment Success,40000.0,15
Uttar Pradesh,Jaunpur,Machhlishahr(Sc),Priya Saroj,Street lights,Excutive Engineer UP Small Industries Corporation Ltd Kanpur Construction Division 6,BHAGWATI CHAND,16-01-2025,Payment Success,20879.0,15
Jharkhand,Garhwa,Palamu(Sc),Vishnu Dayal Ram,Installing tube-wells and borewells,CENTRAL NODAL ACCOUNT MEMBERS OF PARLIAMENT LOCAL AREA DEVELOPMENT SCHEME,JE NREP MP GARHWA,07-07-2026,Payment Success,180000.0,15
Odisha,Nayagada,Puri,Sambit Patra,Street lights,BLOCK ODAGAON 2422 OD,ODISHA DISTRIBUTING AUTHORITY,08-01-2026,Payment Success,39600.0,15
Uttar Pradesh,Jaunpur,Jaunpur,Babu Singh Kushwaha,Street lights,Area Manager U P Small Industries Corporation Ltd Prayagraj,Advent Infomax Pvt Ltd,23-03-2026,Payment In-Progress,19989.0,15
Madhya Pradesh,Sheopur,Morena,Shivmangal Singh Tomar,Purchase of mobile water tankers,MP state agro industries Dev. corp. ltd,THE MP STATE AGRO IND DEV CORP LTD SHEOPUR,01-06-2025,Payment Success,83013.0,15
Madhya Pradesh,Balaghat,Balaghat,Bharti Pardhi,Purchase of mobile water tankers,MPSAIDC-BGT,MP State Agro Balaghat,17-07-2026,Payment Success,199604.0,15
Madhya Pradesh,Rajgarh,Rajgarh,Rodmal Nagar,Installation of fixed garden gym equipment,M P AGRO INDUSTRIES DEV. CORP. LTD,MP Agro Biaora,20-06-2025,Payment Success,387988.0,15
Madhya Pradesh,Balaghat,Balaghat,Bharti Pardhi,Purchase of mobile water tankers,MPSAIDC-BGT,MP State Agro Balaghat,21-05-2026,Payment Success,199604.0,15
Haryana,Sirsa,Sirsa(Sc),Selja,Purchase of mobile water tankers,"Executive Engineer, Panchayati Raj, Sirsa",KIRPAL SINGH AND SONS,05-02-2026,Payment Success,175000.0,15
Jharkhand,Sahebganj,Rajmahal(St),Vijay Kumar Hansdak,"Construction of roads, link roads, pathways or any other road with or without drainage system","EXECUTIVE ENGINEER,NREP SAHIBGANJ",ARJUN KUMAR SAH,21-09-2025,Payment Success,140000.0,15
Bihar,Gaya,Aurangabad_Br,Abhay Kumar Sinha,Purchase of books and periodicals for libraries/digitization of library books,DPO GAYA,Gyan Ganga,22-04-2025,Payment Success,473826.0,14
Madhya Pradesh,Barwani,Khargone(St),Gajendra Singh Patel,Purchase of mobile water tankers,MP STATE AGRO IND DEV CORP LTD BARWANI,MP STATE AGRO IND DEV CO LTD BARWANI,28-04-2025,Payment Success,100000.0,14
Maharashtra,Etah,Hingoli,Aashtikar Patil Nagesh Bapurao,Lighting of public spaces,UPSIC AGRA_5,UTTAM VENTURES,11-11-2025,Payment Success,176949.0,14
Madhya Pradesh,Dhar,Dhar(St),Savitri Thakur,Construction of bus-sheds or bus-stops,MP AGRO IND DEV CO LTD DHAR,M P AGRO DHAR,26-08-2025,Payment Success,130000.0,14
Punjab,Barnala,Sangrur,Gurmeet Singh Meet Hayer,Fitting of Sitting RCC Benches in Public Places,BLOCK DEVELOPMENT AND PANCHAYAT OFFICER BARNALA,Ganpati Tiles Matti,13-03-2026,Payment Success,35000.0,14
Tamil Nadu,Erode,Erode,K E Prakash,"Purchase of smart boards, visual display units and projectors",SCHOOL EDUCATION DEPARTMENT_3,QUALITTY ENTERPRISES,06-09-2025,Payment Success,200000.0,14
Bihar,Bhagalpur,Banka,Giridhari Yadav,Lighting of public spaces,DISTRICT PLANNING OFFICER BHAGALPUR_IA,SHIV DURGA INDUSTRIES,20-03-2025,Payment Success,918100.0,14
Maharashtra,Etah,Hingoli,Aashtikar Patil Nagesh Bapurao,Lighting of public spaces,UPSIC AGRA_5,UTTAM VENTURES,05-02-2026,Payment Success,63662.0,14
Bihar,Jehanabad,Jahanabad,Surendra Prasad Yadav,Lighting of public spaces,District Planning office Jehanabad,BIOLUNAR ENERGY SOLUTION,12-07-2026,Payment Success,636000.0,14
Uttar Pradesh,Jaunpur,Machhlishahr(Sc),Priya Saroj,Street lights,Excutive Engineer UP Small Industries Corporation Ltd Kanpur Construction Division 6,BHAGWATI CHAND,14-08-2025,Payment Success,20896.0,14
Bihar,Bhagalpur,Bhagalpur,Ajay Kumar Mandal,Lighting of public spaces,DISTRICT PLANNING OFFICER BHAGALPUR_IA,SHIV DURGA INDUSTRIES,24-06-2025,Payment Success,918100.0,14
Madhya Pradesh,Dhar,Dhar(St),Savitri Thakur,Purchase of mobile water tankers,MP AGRO IND DEV CO LTD DHAR,M P AGRO DHAR,29-04-2026,Payment Success,49212.0,14
Uttar Pradesh,Bareilly,Bareilly,Chhatra Pal Singh Gangwar,Street lights,MPLADS BAREILLY RED BAREILLY,ANUJ SINGHAL CONTRACTOR,06-10-2025,Payment Success,215621.0,14
Uttar Pradesh,Ballia,Ballia,Sanatan Pandey,Street lights,RURAL ENGINEERING DEPARTMENT Ballia,ARVIND KUMAR PANDEY,14-01-2026,Payment Success,155445.0,14
Punjab,Pathankot,Gurdaspur,Sukhjinder Singh Randhawa,Street lights,EXECUTIVE ENGINEER CONSTRUCTION DIVISION PWD B AND R PATHANKOT,MS SRV INTERNATIONAL,23-10-2025,Payment Success,85042.0,14
Bihar,Siwan,Siwan,Vijaylakshmi Devi,Lighting of public spaces,IA DPO Siwan_2,Alam Brothers,26-09-2025,Payment Success,958000.0,14
Bihar,Gaya,Gaya (Sc),Jitan Ram Manjhi,Installing hand pumps,MS EXECUTIVE ENGINEER LAEO WORK DIV-02 SHERGHATI,ASSISTANT ENGINEER LAEO BARACHATTI VIDHAN SABHA,23-02-2026,Payment Success,74500.0,14
Uttar Pradesh,Etah,Etah,Devesh Shakya,Street lights,UPSIC AGRA_5,SOMYA CONSTRUCTION,14-05-2025,Payment Success,62090.0,14
Tamil Nadu,Salem,Dharamapuri,Mani. A.,"Purchase of smart boards, visual display units and projectors","Chief Educational Officer, Salem",SUCCESS ASSOCIATES,12-10-2025,Payment Success,200000.0,14
Uttar Pradesh,Mahoba,Hamirpur_Up,Ajendra Singh Lodhi,Lighting of public spaces,UPSIC4 Kanpur,KUNAL TRADERS,17-06-2025,Payment Success,322687.0,14
Telangana,Siddipet,Bhongir,Chamala Kiran Kumar Reddy,Lighting of public spaces,"EXECUTIVE ENGINEER PR DIVISION, GAJWEL",UPENDER KURELLA,23-05-2025,Payment Success,99852.0,14
Bihar,Kishanganj,Kishanganj,Mohammad Jawed,Lighting of public spaces,DPO KNE_IA,RANJIT SALES CORPORATION,10-02-2025,Payment Success,649100.0,14
Uttar Pradesh,Bijnor,Nagina(Sc),Chandra Shekhar,Lighting of public spaces,PROVINCIAL CO OPERATIVE CONSTRUTION AND DEVELOPMENT LIMITED,MAKSUD AHMAD CONTRACTOR,04-09-2025,Payment Success,80057.0,14
Uttar Pradesh,Jaunpur,Machhlishahr(Sc),Priya Saroj,Street lights,Excutive Engineer UP Small Industries Corporation Ltd Kanpur Construction Division 6,BHAGWATI CHAND,24-01-2025,Payment Success,20879.0,14
Haryana,Sirsa,Sirsa(Sc),Selja,Purchase of mobile water tankers,"Executive Engineer, Panchayati Raj, Sirsa",SS Steel Industries Sirsa,03-08-2026,Payment Success,175000.0,14
Jharkhand,Sahebganj,Rajmahal(St),Vijay Kumar Hansdak,"Construction of roads, link roads, pathways or any other road with or without drainage system","EXECUTIVE ENGINEER,NREP SAHIBGANJ",AJIT KUMAR,15-09-2025,Payment Success,140000.0,14
Uttar Pradesh,Pratapgarh,Kaushambi(Sc),Pushpendra Saroj,Installing hand pumps,C & DS (E/M Wing) UP JAl Nagam,IMAMUDDIN,15-04-2026,Payment In-Progress,50781.0,14
Maharashtra,Nandurbar,Nandurbar(St),Gowaal Kagada Padavi,Street lights,Executive Engineer P.W.Dn.Elect. Dhule Not in Use,SHRI GANESH ELECTRICAL AND CONTRACTER,15-07-2026,Payment Success,169529.0,14
Punjab,Bathinda,Bhatinda,Harsimrat Kaur Badal,"Construction of roads, link roads, pathways or any other road with or without drainage system",EOPS Sangat,Punjab Interlock Tiles,06-11-2025,Payment Success,28650.0,14
Bihar,Purnia,Kishanganj,Mohammad Jawed,Lighting of public spaces,District Planning Office Purnea,R K Construction,01-04-2026,Payment Success,640000.0,14
Tamil Nadu,Chengalpattu,Kancheepuram(Sc),Ganesan Selvam,Purchase of books and periodicals for libraries/digitization of library books,DISTRICT LIBRARY OFFICER_4,G Durairaj,08-09-2025,Payment Success,50000.0,14
Jharkhand,Dhanbad,Dhanbad,Dulu Mahato,"Construction of roads, link roads, pathways or any other road with or without drainage system",EXECUTIVE ENGINEER MINOR IRRIGATION DIVISION DHANBAD,BIRENDRA KUMAR MAHATO,29-08-2025,Payment Success,200000.0,14
Madhya Pradesh,Shahdol,Sidhi,Rajesh Mishra,Street lights,Executive engineer PWD (EM) DIV REWA,SADGURU SAI INFRA WORLD PVT LTD REWA,28-05-2025,Payment Success,968970.0,14
Uttar Pradesh,Sonbhadra,Robertsganj(Sc),Chhotelal,Lighting of public spaces,CONSTRUCTION AND DESIGN SERVICES (E/M) WING UP JAL NIGAM URBAN VARANASI,MAA VINDHYAVASHINI ENTERPRISES,04-11-2025,Payment Success,60332.0,14
Uttar Pradesh,Sonbhadra,Robertsganj(Sc),Chhotelal,Lighting of public spaces,CONSTRUCTION AND DESIGN SERVICES (E/M) WING UP JAL NIGAM URBAN VARANASI,MAA VINDHYAVASHINI ENTERPRISES,20-09-2025,Payment Success,116667.0,14
Uttar Pradesh,Sonbhadra,Robertsganj(Sc),Chhotelal,Lighting of public spaces,UP STATE AGRO INDUSTRIAL CORPORATION LTD SERVICING DIVISION,UP STATE AGRO INDUSTRIAL CORPORATION LTD BICHPAI URMAURA,12-11-2025,Payment Success,108996.0,14
Bihar,Purnia,Purnea,Rajesh Ranjan Alias Pappu Yadav,Street lights,District Planning Office Purnea,R K Construction,16-06-2025,Payment Success,850000.0,14
Bihar,Darbhanga,Darbhanga,Gopal Jee Thakur,Street lights,PLANNING AND DEVELOPMENT DEPARTMENT,BIOLUNAR ENERGY SOLUTION,17-09-2025,Payment Success,495000.0,14
Jharkhand,Sahebganj,Rajmahal(St),Vijay Kumar Hansdak,Construction of water tanks,"EXECUTIVE ENGINEER,NREP SAHIBGANJ",AJIT KUMAR,15-09-2025,Payment Success,105000.0,13
Jharkhand,Saraikela Kharsawan,Ranchi,Sanjay Seth,"Construction of roads, link roads, pathways or any other road with or without drainage system",Executive Engineer NREP seraikella kharsawan,JUNIOR ENGINEER NREP SKL KSN,04-09-2025,Payment Success,379950.0,13
